,GP,GS,MP,MP/G,FGM,FGM/G,FGA,FGA/G,FG%,3PM,3PM/G,3PA,3PA/G,3P%,2PM,2PM/G,2PA,2PA/G,2P%,eFG%,FTM,FTM/G,FTA,FTA/G,FT%,ORB,ORB/G,DRB,DRB/G,TRB,TRB/G,AST,AST/G,STL,STL/G,BLK,BLK/G,TOV,TOV/G,PF,PF/G,PTS/G,PTS
Jayson Tatum,74,74,2732,36.91,727,9.82,1559,21.06,0.466,240,3.24,686,9.27,0.35,487,6.58,873,11.79,0.558,0.543,531,7.17,622,8.4,0.854,78,1.05,571,7.71,649,8.77,342,4.62,78,1.05,51,0.68,213,2.87,160,2.16,30.06,2225
Joel Embiid,66,66,2284,34.6,728,11.03,1328,20.12,0.548,66,1,200,3.03,0.33,662,10.03,1128,17.09,0.587,0.573,661,10.01,771,11.68,0.857,113,1.71,557,8.43,670,10.15,274,4.15,66,1,112,1.69,226,3.42,205,3.1,33.07,2183
Luka Dončić,66,66,2391,36.22,719,10.89,1449,21.95,0.496,185,2.8,541,8.19,0.342,534,8.09,908,13.75,0.588,0.56,515,7.8,694,10.51,0.742,54,0.81,515,7.8,569,8.62,529,8.01,90,1.36,33,0.5,236,3.57,166,2.51,32.39,2138
Shai Gilgeous-Alexander,68,68,2416,35.52,704,10.35,1381,20.3,0.51,58,0.85,168,2.47,0.345,646,9.5,1213,17.83,0.533,0.531,669,9.83,739,10.86,0.905,59,0.86,270,3.97,329,4.83,371,5.45,112,1.64,65,0.95,192,2.82,192,2.82,31.39,2135
Giannis Antetokounmpo,63,63,2024,32.12,707,11.22,1278,20.28,0.553,47,0.74,171,2.71,0.275,660,10.47,1107,17.57,0.596,0.572,498,7.9,772,12.25,0.645,137,2.17,605,9.6,742,11.77,359,5.69,52,0.82,51,0.8,246,3.9,197,3.12,31.09,1959
Anthony Edwards,79,79,2842,35.97,707,8.94,1541,19.5,0.459,213,2.69,578,7.31,0.369,494,6.25,963,12.18,0.513,0.528,319,4.03,422,5.34,0.756,47,0.59,411,5.2,458,5.79,350,4.43,125,1.58,58,0.73,259,3.27,186,2.35,24.63,1946
Julius Randle,77,77,2737,35.54,658,8.54,1432,18.59,0.459,218,2.83,636,8.25,0.343,440,5.71,796,10.33,0.553,0.536,402,5.22,531,6.89,0.757,141,1.83,626,8.12,767,9.96,316,4.1,49,0.63,21,0.27,216,2.8,233,3.02,25.14,1936
Donovan Mitchell,68,68,2432,35.76,679,9.98,1402,20.61,0.484,245,3.6,635,9.33,0.386,434,6.38,767,11.27,0.566,0.572,319,4.69,368,5.41,0.867,63,0.92,226,3.32,289,4.25,301,4.42,99,1.45,27,0.39,180,2.64,168,2.47,28.26,1922
Trae Young,73,73,2541,34.8,597,8.17,1390,19.04,0.429,154,2.1,460,6.3,0.335,443,6.06,930,12.73,0.476,0.485,566,7.75,639,8.75,0.886,56,0.76,161,2.2,217,2.97,741,10.15,80,1.09,9,0.12,300,4.1,104,1.42,26.21,1914
Zach LaVine,77,77,2768,35.94,673,8.74,1388,18.02,0.485,204,2.64,544,7.06,0.375,469,6.09,844,10.96,0.556,0.558,363,4.71,428,5.55,0.848,42,0.54,303,3.93,345,4.48,327,4.24,69,0.89,18,0.23,194,2.51,159,2.06,24.84,1913
Damian Lillard,58,58,2107,36.32,556,9.58,1202,20.72,0.463,244,4.2,658,11.34,0.371,312,5.37,544,9.37,0.574,0.564,510,8.79,558,9.62,0.914,44,0.75,233,4.01,277,4.77,425,7.32,50,0.86,18,0.31,191,3.29,109,1.87,32.17,1866
De'Aaron Fox,73,73,2435,33.35,682,9.34,1331,18.23,0.512,119,1.63,367,5.02,0.324,563,7.71,964,13.2,0.584,0.557,343,4.69,440,6.02,0.78,40,0.54,266,3.64,306,4.19,447,6.12,83,1.13,23,0.31,181,2.47,172,2.35,25.01,1826
DeMar DeRozan,74,74,2682,36.24,657,8.87,1303,17.6,0.504,46,0.62,142,1.91,0.324,611,8.25,1161,15.68,0.526,0.522,456,6.16,523,7.06,0.872,34,0.45,309,4.17,343,4.63,377,5.09,83,1.12,36,0.48,153,2.06,186,2.51,24.54,1816
Jaylen Brown,67,67,2405,35.89,679,10.13,1383,20.64,0.491,163,2.43,487,7.26,0.335,516,7.7,896,13.37,0.576,0.55,263,3.92,344,5.13,0.765,78,1.16,381,5.68,459,6.85,232,3.46,75,1.11,26,0.38,197,2.94,172,2.56,26.62,1784
Pascal Siakam,71,71,2652,37.35,630,8.87,1313,18.49,0.48,93,1.3,287,4.04,0.324,537,7.56,1026,14.45,0.523,0.515,367,5.16,474,6.67,0.774,131,1.84,425,5.98,556,7.83,415,5.84,65,0.91,36,0.5,169,2.38,228,3.21,24.22,1720
Lauri Markkanen,66,66,2273,34.43,571,8.65,1145,17.34,0.499,200,3.03,511,7.74,0.391,371,5.62,634,9.6,0.585,0.586,349,5.28,399,6.04,0.875,130,1.96,440,6.66,570,8.63,123,1.86,42,0.63,38,0.57,127,1.92,137,2.07,25.62,1691
Nikola Jokić,69,69,2323,33.66,646,9.36,1022,14.81,0.632,57,0.82,149,2.15,0.383,589,8.53,873,12.65,0.675,0.66,341,4.94,415,6.01,0.822,167,2.42,650,9.42,817,11.84,678,9.82,87,1.26,47,0.68,247,3.57,174,2.52,24.49,1690
Jalen Green,76,76,2602,34.23,566,7.44,1359,17.88,0.416,187,2.46,554,7.28,0.338,379,4.98,805,10.59,0.471,0.485,364,4.78,463,6.09,0.786,43,0.56,241,3.17,284,3.73,281,3.69,59,0.77,18,0.23,200,2.63,131,1.72,22.14,1683
Jordan Poole,82,43,2458,29.97,550,6.7,1278,15.58,0.43,214,2.6,637,7.76,0.336,336,4.09,641,7.81,0.524,0.514,361,4.4,415,5.06,0.87,32,0.39,193,2.35,225,2.74,369,4.5,63,0.76,21,0.25,252,3.07,214,2.6,20.42,1675
Mikal Bridges,83,83,2963,35.69,593,7.14,1267,15.26,0.468,169,2.03,442,5.32,0.382,424,5.1,825,9.93,0.514,0.535,316,3.8,353,4.25,0.895,79,0.95,285,3.43,364,4.38,273,3.28,91,1.09,61,0.73,127,1.53,159,1.91,20.13,1671
Stephen Curry,56,56,1941,34.66,559,9.98,1133,20.23,0.493,273,4.87,639,11.41,0.427,286,5.1,494,8.82,0.579,0.614,257,4.58,281,5.01,0.915,39,0.69,302,5.39,341,6.08,352,6.28,52,0.92,20,0.35,179,3.19,117,2.08,29.42,1648
Jalen Brunson,68,68,2379,34.98,587,8.63,1195,17.57,0.491,134,1.97,322,4.73,0.416,453,6.66,873,12.83,0.519,0.547,325,4.77,392,5.76,0.829,40,0.58,201,2.95,241,3.54,421,6.19,61,0.89,15,0.22,142,2.08,152,2.23,24.01,1633
Kyrie Irving,60,60,2241,37.35,594,9.9,1203,20.05,0.494,188,3.13,496,8.26,0.379,406,6.76,707,11.78,0.574,0.572,247,4.11,273,4.55,0.905,59,0.98,245,4.08,304,5.06,331,5.51,66,1.1,45,0.75,128,2.13,165,2.75,27.05,1623
Ja Morant,61,59,1948,31.93,566,9.27,1214,19.9,0.466,92,1.5,300,4.91,0.307,474,7.77,914,14.98,0.519,0.504,372,6.09,497,8.14,0.748,61,1,296,4.85,357,5.85,493,8.08,66,1.08,16,0.26,206,3.37,100,1.63,26.16,1596
LeBron James,55,54,1954,35.52,609,11.07,1219,22.16,0.5,121,2.2,377,6.85,0.321,488,8.87,842,15.3,0.58,0.549,251,4.56,327,5.94,0.768,65,1.18,392,7.12,457,8.3,375,6.81,50,0.9,32,0.58,178,3.23,88,1.6,28.9,1590
CJ McCollum,75,75,2649,35.32,587,7.82,1344,17.92,0.437,211,2.81,543,7.24,0.389,376,5.01,801,10.68,0.469,0.515,183,2.44,238,3.17,0.769,55,0.73,273,3.64,328,4.37,429,5.72,70,0.93,38,0.5,183,2.44,153,2.04,20.9,1568
Bam Adebayo,75,75,2598,34.64,602,8.02,1114,14.85,0.54,1,0.01,12,0.16,0.083,601,8.01,1102,14.69,0.545,0.541,324,4.32,402,5.36,0.806,184,2.45,504,6.72,688,9.17,240,3.2,88,1.17,61,0.81,187,2.49,208,2.77,20.38,1529
Dejounte Murray,74,74,2693,36.39,612,8.27,1319,17.82,0.464,133,1.79,387,5.22,0.344,479,6.47,932,12.59,0.514,0.514,158,2.13,190,2.56,0.832,53,0.71,336,4.54,389,5.25,448,6.05,112,1.51,19,0.25,160,2.16,106,1.43,20.47,1515
Domantas Sabonis,79,79,2736,34.63,577,7.3,938,11.87,0.615,31,0.39,83,1.05,0.373,546,6.91,855,10.82,0.639,0.632,325,4.11,438,5.54,0.742,251,3.17,722,9.13,973,12.31,573,7.25,65,0.82,39,0.49,230,2.91,279,3.53,19.11,1510
Klay Thompson,69,69,2279,33.02,546,7.91,1252,18.14,0.436,301,4.36,731,10.59,0.412,245,3.55,521,7.55,0.47,0.556,116,1.68,132,1.91,0.879,39,0.56,247,3.57,286,4.14,163,2.36,49,0.71,29,0.42,123,1.78,130,1.88,21.86,1509
Kristaps Porziņģis,65,65,2120,32.61,507,7.8,1018,15.66,0.498,137,2.1,356,5.47,0.385,370,5.69,662,10.18,0.559,0.565,354,5.44,416,6.4,0.851,114,1.75,432,6.64,546,8.4,174,2.67,58,0.89,100,1.53,137,2.1,196,3.01,23.15,1505
Darius Garland,69,69,2447,35.46,522,7.56,1129,16.36,0.462,169,2.44,412,5.97,0.41,353,5.11,717,10.39,0.492,0.537,277,4.01,321,4.65,0.863,28,0.4,157,2.27,185,2.68,538,7.79,85,1.23,9,0.13,199,2.88,148,2.14,21.59,1490
Franz Wagner,80,80,2609,32.61,542,6.77,1118,13.97,0.485,130,1.62,360,4.5,0.361,412,5.15,758,9.47,0.544,0.543,271,3.38,322,4.02,0.842,70,0.87,259,3.23,329,4.11,283,3.53,77,0.96,17,0.21,167,2.08,183,2.28,18.56,1485
Devin Booker,53,53,1835,34.62,527,9.94,1067,20.13,0.494,111,2.09,316,5.96,0.351,416,7.84,751,14.16,0.554,0.546,306,5.77,358,6.75,0.855,46,0.86,194,3.66,240,4.52,293,5.52,51,0.96,18,0.33,145,2.73,159,3,27.75,1471
Jimmy Butler,64,64,2138,33.4,479,7.48,888,13.87,0.539,36,0.56,103,1.6,0.35,443,6.92,785,12.26,0.564,0.56,472,7.37,555,8.67,0.85,141,2.2,234,3.65,375,5.85,340,5.31,117,1.82,21,0.32,101,1.57,80,1.25,22.9,1466
Anthony Davis,56,54,1904,34,542,9.67,962,17.17,0.563,19,0.33,74,1.32,0.257,523,9.33,888,15.85,0.589,0.573,348,6.21,444,7.92,0.784,195,3.48,507,9.05,702,12.53,148,2.64,59,1.05,114,2.03,122,2.17,146,2.6,25.91,1451
Nikola Vučević,82,82,2746,33.48,597,7.28,1148,14,0.52,121,1.47,347,4.23,0.349,476,5.8,801,9.76,0.594,0.573,132,1.6,158,1.92,0.835,159,1.93,744,9.07,903,11.01,265,3.23,60,0.73,57,0.69,139,1.69,179,2.18,17.64,1447
Paolo Banchero,72,72,2430,33.75,479,6.65,1122,15.58,0.427,85,1.18,285,3.95,0.298,394,5.47,837,11.62,0.471,0.465,394,5.47,534,7.41,0.738,84,1.16,413,5.73,497,6.9,269,3.73,60,0.83,39,0.54,200,2.77,160,2.22,19.95,1437
RJ Barrett,73,73,2475,33.9,510,6.98,1176,16.1,0.434,121,1.65,390,5.34,0.31,389,5.32,786,10.76,0.495,0.485,290,3.97,392,5.36,0.74,60,0.82,308,4.21,368,5.04,201,2.75,31,0.42,15,0.2,164,2.24,179,2.45,19.6,1431
Keldon Johnson,63,63,2063,32.74,503,7.98,1113,17.66,0.452,134,2.12,407,6.46,0.329,369,5.85,706,11.2,0.523,0.512,245,3.88,327,5.19,0.749,56,0.88,262,4.15,318,5.04,183,2.9,46,0.73,11,0.17,134,2.12,125,1.98,21.98,1385
Spencer Dinwiddie,79,79,2725,34.49,460,5.82,1050,13.29,0.438,181,2.29,490,6.2,0.369,279,3.53,560,7.08,0.498,0.524,268,3.39,330,4.17,0.812,28,0.35,242,3.06,270,3.41,515,6.51,67,0.84,24,0.3,145,1.83,187,2.36,17.32,1369
Kevin Durant,47,47,1672,35.57,483,10.27,862,18.34,0.56,93,1.97,230,4.89,0.404,390,8.29,632,13.44,0.617,0.614,307,6.53,334,7.1,0.919,17,0.36,296,6.29,313,6.65,235,5,34,0.72,67,1.42,156,3.31,99,2.1,29.06,1366
Kyle Kuzma,64,64,2239,34.98,512,8,1142,17.84,0.448,160,2.5,481,7.51,0.333,352,5.5,661,10.32,0.533,0.518,173,2.7,237,3.7,0.73,55,0.85,408,6.37,463,7.23,239,3.73,36,0.56,29,0.45,190,2.96,145,2.26,21.2,1357
Tyler Herro,67,67,2337,34.88,487,7.26,1109,16.55,0.439,203,3.02,537,8.01,0.378,284,4.23,572,8.53,0.497,0.531,170,2.53,182,2.71,0.934,27,0.4,333,4.97,360,5.37,280,4.17,51,0.76,16,0.23,158,2.35,101,1.5,20.1,1347
Buddy Hield,80,73,2482,31.02,475,5.93,1038,12.97,0.458,288,3.6,677,8.46,0.425,187,2.33,361,4.51,0.518,0.596,106,1.32,129,1.61,0.822,67,0.83,333,4.16,400,5,225,2.81,92,1.15,26,0.32,139,1.73,156,1.95,16.8,1344
Fred VanVleet,69,69,2535,36.73,437,6.33,1112,16.11,0.393,207,3,606,8.78,0.342,230,3.33,506,7.33,0.455,0.486,254,3.68,283,4.1,0.898,30,0.43,250,3.62,280,4.05,495,7.17,123,1.78,38,0.55,140,2.02,193,2.79,19.34,1335
Paul George,56,56,1939,34.62,459,8.19,1004,17.92,0.457,158,2.82,426,7.6,0.371,301,5.37,578,10.32,0.521,0.536,256,4.57,294,5.25,0.871,45,0.8,297,5.3,342,6.1,288,5.14,83,1.48,20,0.35,176,3.14,159,2.83,23.78,1332
Terry Rozier,63,63,2221,35.25,493,7.82,1188,18.85,0.415,165,2.61,505,8.01,0.327,328,5.2,683,10.84,0.48,0.484,178,2.82,220,3.49,0.809,51,0.8,208,3.3,259,4.11,319,5.06,74,1.17,16,0.25,134,2.12,119,1.88,21.09,1329
Anfernee Simons,62,62,2171,35.01,467,7.53,1045,16.85,0.447,212,3.41,562,9.06,0.377,255,4.11,483,7.79,0.528,0.548,160,2.58,179,2.88,0.894,18,0.29,143,2.3,161,2.59,253,4.08,42,0.67,14,0.22,128,2.06,142,2.29,21.06,1306
Bennedict Mathurin,78,17,2222,28.48,413,5.29,951,12.19,0.434,100,1.28,310,3.97,0.323,313,4.01,641,8.21,0.488,0.487,376,4.82,454,5.82,0.828,87,1.11,231,2.96,318,4.07,116,1.48,48,0.61,13,0.16,152,1.94,162,2.07,16.69,1302
Jamal Murray,65,65,2133,32.81,473,7.27,1041,16.01,0.454,172,2.64,432,6.64,0.398,301,4.63,609,9.36,0.494,0.537,180,2.76,216,3.32,0.833,48,0.73,209,3.21,257,3.95,400,6.15,66,1.01,16,0.24,145,2.23,103,1.58,19.96,1298
Jerami Grant,63,63,2246,35.65,434,6.88,913,14.49,0.475,144,2.28,359,5.69,0.401,290,4.6,554,8.79,0.523,0.554,278,4.41,342,5.42,0.813,53,0.84,230,3.65,283,4.49,150,2.38,51,0.8,53,0.84,116,1.84,152,2.41,20.47,1290
Jrue Holiday,67,65,2183,32.58,490,7.31,1023,15.26,0.479,158,2.35,411,6.13,0.384,332,4.95,612,9.13,0.542,0.556,152,2.26,177,2.64,0.859,79,1.17,262,3.91,341,5.08,495,7.38,79,1.17,25,0.37,197,2.94,116,1.73,19.25,1290
Evan Mobley,79,79,2715,34.36,525,6.64,947,11.98,0.554,22,0.27,102,1.29,0.216,503,6.36,845,10.69,0.595,0.566,205,2.59,304,3.84,0.674,187,2.36,524,6.63,711,9,224,2.83,60,0.75,119,1.5,146,1.84,218,2.75,16.16,1277
Bojan Bogdanović,59,59,1893,32.08,430,7.28,882,14.94,0.488,145,2.45,353,5.98,0.411,285,4.83,529,8.96,0.539,0.57,268,4.54,303,5.13,0.884,36,0.61,187,3.16,223,3.77,152,2.57,34,0.57,8,0.13,135,2.28,113,1.91,21.57,1273
Jordan Clarkson,61,61,1988,32.59,458,7.5,1031,16.9,0.444,155,2.54,459,7.52,0.338,303,4.96,572,9.37,0.53,0.519,200,3.27,245,4.01,0.816,72,1.18,174,2.85,246,4.03,270,4.42,33,0.54,13,0.21,186,3.04,120,1.96,20.83,1271
D'Angelo Russell,71,71,2304,32.45,445,6.26,948,13.35,0.469,194,2.73,490,6.9,0.396,251,3.53,458,6.45,0.548,0.572,179,2.52,216,3.04,0.829,35,0.49,180,2.53,215,3.02,437,6.15,70,0.98,29,0.4,186,2.61,140,1.97,17.78,1263
Josh Giddey,76,76,2367,31.14,539,7.09,1118,14.71,0.482,76,1,234,3.07,0.325,463,6.09,884,11.63,0.524,0.516,106,1.39,145,1.9,0.731,148,1.94,451,5.93,599,7.88,469,6.17,57,0.75,31,0.4,211,2.77,143,1.88,16.57,1260
Desmond Bane,58,58,1841,31.74,450,7.75,939,16.18,0.479,166,2.86,407,7.01,0.408,284,4.89,532,9.17,0.534,0.568,181,3.12,205,3.53,0.883,43,0.74,248,4.27,291,5.01,254,4.37,56,0.96,22,0.37,126,2.17,150,2.58,21.5,1247
Kawhi Leonard,52,50,1748,33.61,446,8.57,871,16.75,0.512,104,2,250,4.8,0.416,342,6.57,621,11.94,0.551,0.572,243,4.67,279,5.36,0.871,57,1.09,281,5.4,338,6.5,204,3.92,72,1.38,28,0.53,88,1.69,84,1.61,23.82,1239
Brook Lopez,78,78,2373,30.42,477,6.11,899,11.52,0.531,136,1.74,364,4.66,0.374,341,4.37,535,6.85,0.637,0.606,149,1.91,190,2.43,0.784,157,2.01,363,4.65,520,6.66,99,1.26,37,0.47,193,2.47,107,1.37,203,2.6,15.88,1239
Harrison Barnes,82,82,2662,32.46,374,4.56,791,9.64,0.473,132,1.6,353,4.3,0.374,242,2.95,438,5.34,0.553,0.556,350,4.26,413,5.03,0.847,87,1.06,279,3.4,366,4.46,128,1.56,57,0.69,10,0.12,86,1.04,103,1.25,15,1230
Tyrese Maxey,60,41,2016,33.6,439,7.31,913,15.21,0.481,160,2.66,369,6.15,0.434,279,4.65,544,9.06,0.513,0.568,180,3,213,3.55,0.845,23,0.38,153,2.55,176,2.93,212,3.53,49,0.81,8,0.13,80,1.33,132,2.2,20.3,1218
James Harden,58,58,2135,36.81,371,6.39,842,14.51,0.441,161,2.77,418,7.2,0.385,210,3.62,424,7.31,0.495,0.536,313,5.39,361,6.22,0.867,40,0.68,314,5.41,354,6.1,618,10.65,71,1.22,31,0.53,195,3.36,112,1.93,20.96,1216
Immanuel Quickley,81,21,2344,28.93,419,5.17,936,11.55,0.448,168,2.07,454,5.6,0.37,251,3.09,482,5.95,0.521,0.537,203,2.5,248,3.06,0.819,58,0.71,279,3.44,337,4.16,279,3.44,80,0.98,14,0.17,100,1.23,166,2.04,14.92,1209
Jaden Ivey,74,73,2304,31.13,409,5.52,983,13.28,0.416,120,1.62,350,4.72,0.343,289,3.9,633,8.55,0.457,0.477,266,3.59,356,4.81,0.747,73,0.98,215,2.9,288,3.89,387,5.22,61,0.82,17,0.22,237,3.2,242,3.27,16.27,1204
Deandre Ayton,67,67,2035,30.37,522,7.79,887,13.23,0.589,7,0.1,24,0.35,0.292,515,7.68,863,12.88,0.597,0.592,152,2.26,200,2.98,0.76,172,2.56,495,7.38,667,9.95,115,1.71,37,0.55,53,0.79,120,1.79,190,2.83,17.95,1203
Scottie Barnes,77,76,2678,34.77,463,6.01,1016,13.19,0.456,63,0.81,224,2.9,0.281,400,5.19,792,10.28,0.505,0.487,190,2.46,246,3.19,0.772,179,2.32,333,4.32,512,6.64,371,4.81,83,1.07,61,0.79,154,2,170,2.2,15.31,1179
Jaren Jackson Jr.,63,63,1787,28.36,416,6.6,822,13.04,0.506,100,1.58,282,4.47,0.355,316,5.01,540,8.57,0.585,0.567,241,3.82,306,4.85,0.788,108,1.71,318,5.04,426,6.76,60,0.95,65,1.03,189,3,107,1.69,227,3.6,18.61,1173
Bradley Beal,50,50,1673,33.46,444,8.88,878,17.56,0.506,80,1.6,219,4.38,0.365,364,7.28,659,13.18,0.552,0.551,192,3.84,228,4.56,0.842,41,0.82,155,3.1,196,3.92,271,5.42,45,0.9,33,0.66,145,2.9,107,2.14,23.2,1160
Tyrese Haliburton,56,56,1883,33.62,412,7.35,841,15.01,0.49,161,2.87,402,7.17,0.4,251,4.48,439,7.83,0.572,0.586,175,3.12,201,3.58,0.871,33,0.58,172,3.07,205,3.66,585,10.44,91,1.62,25,0.44,141,2.51,69,1.23,20.71,1160
Russell Westbrook,73,24,2126,29.12,432,5.91,991,13.57,0.436,89,1.21,286,3.91,0.311,343,4.69,705,9.65,0.487,0.481,206,2.82,314,4.3,0.656,89,1.21,334,4.57,423,5.79,551,7.54,76,1.04,33,0.45,255,3.49,162,2.21,15.87,1159
Trey Murphy III,79,65,2448,30.98,387,4.89,800,10.12,0.484,202,2.55,497,6.29,0.406,185,2.34,303,3.83,0.611,0.61,172,2.17,190,2.4,0.905,59,0.74,222,2.81,281,3.55,112,1.41,89,1.12,43,0.54,61,0.77,155,1.96,14.53,1148
Gary Trent Jr.,66,44,2118,32.09,405,6.13,935,14.16,0.433,166,2.51,450,6.81,0.369,239,3.62,485,7.34,0.493,0.522,172,2.6,205,3.1,0.839,30,0.45,143,2.16,173,2.62,106,1.6,104,1.57,14,0.21,55,0.83,102,1.54,17.39,1148
P.J. Washington,73,73,2380,32.6,434,5.94,978,13.39,0.444,149,2.04,428,5.86,0.348,285,3.9,550,7.53,0.518,0.52,127,1.73,174,2.38,0.73,73,1,285,3.9,358,4.9,175,2.39,66,0.9,79,1.08,110,1.5,193,2.64,15.67,1144
Kevin Huerter,75,75,2203,29.37,420,5.6,866,11.54,0.485,205,2.73,510,6.8,0.402,215,2.86,356,4.74,0.604,0.603,95,1.26,131,1.74,0.725,42,0.56,209,2.78,251,3.34,221,2.94,80,1.06,24,0.32,97,1.29,181,2.41,15.2,1140
Kevin Porter Jr.,59,59,2024,34.3,391,6.62,884,14.98,0.442,141,2.38,385,6.52,0.366,250,4.23,499,8.45,0.501,0.522,207,3.5,264,4.47,0.784,76,1.28,238,4.03,314,5.32,338,5.72,82,1.38,17,0.28,188,3.18,156,2.64,19.15,1130
OG Anunoby,67,67,2386,35.61,421,6.28,885,13.2,0.476,142,2.11,367,5.47,0.387,279,4.16,518,7.73,0.539,0.556,140,2.08,167,2.49,0.838,95,1.41,237,3.53,332,4.95,131,1.95,128,1.91,50,0.74,132,1.97,200,2.98,16.77,1124
Jonas Valančiūnas,79,79,1968,24.91,446,5.64,816,10.32,0.547,38,0.48,109,1.37,0.349,408,5.16,707,8.94,0.577,0.57,185,2.34,224,2.83,0.826,225,2.84,579,7.32,804,10.17,140,1.77,20,0.25,52,0.65,159,2.01,245,3.1,14.11,1115
Christian Wood,67,17,1738,25.94,396,5.91,769,11.47,0.515,105,1.56,279,4.16,0.376,291,4.34,490,7.31,0.594,0.583,217,3.23,281,4.19,0.772,87,1.29,404,6.02,491,7.32,121,1.8,30,0.44,72,1.07,121,1.8,169,2.52,16.62,1114
Myles Turner,62,62,1825,29.43,402,6.48,733,11.82,0.548,93,1.5,249,4.01,0.373,309,4.98,484,7.8,0.638,0.612,216,3.48,276,4.45,0.783,88,1.41,378,6.09,466,7.51,89,1.43,36,0.58,140,2.25,103,1.66,215,3.46,17.95,1113
Brandon Ingram,45,45,1538,34.17,404,8.97,835,18.55,0.484,64,1.42,164,3.64,0.39,340,7.55,671,14.91,0.507,0.522,240,5.33,272,6.04,0.882,23,0.51,223,4.95,246,5.46,262,5.82,32,0.71,19,0.42,148,3.28,116,2.57,24.71,1112
Aaron Gordon,68,68,2055,30.22,429,6.3,761,11.19,0.564,60,0.88,173,2.54,0.347,369,5.42,588,8.64,0.628,0.603,191,2.8,314,4.61,0.608,164,2.41,282,4.14,446,6.55,203,2.98,54,0.79,51,0.75,98,1.44,129,1.89,16.3,1109
Alperen Şengün,75,72,2171,28.94,442,5.89,799,10.65,0.553,19,0.25,57,0.76,0.333,423,5.64,742,9.89,0.57,0.565,206,2.74,288,3.84,0.715,242,3.22,436,5.81,678,9.04,291,3.88,70,0.93,70,0.93,193,2.57,258,3.44,14.78,1109
Tobias Harris,74,74,2436,32.91,423,5.71,845,11.41,0.501,126,1.7,324,4.37,0.389,297,4.01,521,7.04,0.57,0.575,113,1.52,129,1.74,0.876,67,0.9,357,4.82,424,5.72,186,2.51,68,0.91,40,0.54,89,1.2,149,2.01,14.66,1085
Michael Porter Jr.,62,62,1798,29,398,6.41,817,13.17,0.487,188,3.03,454,7.32,0.414,210,3.38,363,5.85,0.579,0.602,96,1.54,120,1.93,0.8,64,1.03,277,4.46,341,5.5,65,1.04,37,0.59,29,0.46,68,1.09,119,1.91,17.41,1080
Saddiq Bey,77,37,2129,27.64,353,4.58,836,10.85,0.422,151,1.96,418,5.42,0.361,202,2.62,418,5.42,0.483,0.513,205,2.66,238,3.09,0.861,98,1.27,264,3.42,362,4.7,118,1.53,70,0.9,13,0.16,71,0.92,123,1.59,13.79,1062
Jalen Williams,75,62,2276,30.34,414,5.52,794,10.58,0.521,73,0.97,205,2.73,0.356,341,4.54,589,7.85,0.579,0.567,155,2.06,191,2.54,0.812,84,1.12,253,3.37,337,4.49,248,3.3,103,1.37,35,0.46,123,1.64,191,2.54,14.08,1056
Dillon Brooks,73,73,2214,30.32,392,5.36,991,13.57,0.396,143,1.95,439,6.01,0.326,249,3.41,552,7.56,0.451,0.468,120,1.64,154,2.1,0.779,45,0.61,199,2.72,244,3.34,189,2.58,65,0.89,16,0.21,104,1.42,240,3.28,14.34,1047
Malik Monk,77,0,1719,22.32,357,4.63,796,10.33,0.448,143,1.85,398,5.16,0.359,214,2.77,398,5.16,0.538,0.538,184,2.38,207,2.68,0.889,32,0.41,171,2.22,203,2.63,298,3.87,49,0.63,20,0.25,146,1.89,125,1.62,13.51,1041
KJ Martin,82,49,2292,27.95,410,5,720,8.78,0.569,68,0.82,216,2.63,0.315,342,4.17,504,6.14,0.679,0.617,151,1.84,222,2.7,0.68,126,1.53,326,3.97,452,5.51,123,1.5,41,0.5,30,0.36,91,1.1,147,1.79,12.67,1039
De'Andre Hunter,67,67,2126,31.73,379,5.65,822,12.26,0.461,100,1.49,286,4.26,0.35,279,4.16,536,8,0.521,0.522,171,2.55,207,3.08,0.826,46,0.68,238,3.55,284,4.23,94,1.4,35,0.52,17,0.25,82,1.22,199,2.97,15.35,1029
Malik Beasley,81,27,2093,25.83,370,4.56,937,11.56,0.395,235,2.9,658,8.12,0.357,135,1.66,279,3.44,0.484,0.52,50,0.61,65,0.8,0.769,35,0.43,248,3.06,283,3.49,124,1.53,65,0.8,9,0.11,90,1.11,107,1.32,12.65,1025
Tim Hardaway Jr.,71,45,2152,30.3,340,4.78,847,11.92,0.401,212,2.98,550,7.74,0.385,128,1.8,297,4.18,0.431,0.527,127,1.78,165,2.32,0.77,21,0.29,230,3.23,251,3.53,129,1.81,49,0.69,12,0.16,60,0.84,120,1.69,14.35,1019
Norman Powell,60,8,1567,26.11,340,5.66,710,11.83,0.479,114,1.9,287,4.78,0.397,226,3.76,423,7.05,0.534,0.559,225,3.75,277,4.61,0.812,24,0.4,151,2.51,175,2.91,109,1.81,50,0.83,18,0.3,101,1.68,125,2.08,16.98,1019
Derrick White,82,70,2319,28.28,350,4.26,758,9.24,0.462,149,1.81,391,4.76,0.381,201,2.45,367,4.47,0.548,0.56,168,2.04,192,2.34,0.875,52,0.63,241,2.93,293,3.57,321,3.91,54,0.65,76,0.92,95,1.15,177,2.15,12.4,1017
Luguentz Dort,74,73,2272,30.7,339,4.58,873,11.79,0.388,135,1.82,409,5.52,0.33,204,2.75,464,6.27,0.44,0.466,200,2.7,259,3.5,0.772,128,1.72,216,2.91,344,4.64,154,2.08,75,1.01,23,0.31,92,1.24,243,3.28,13.68,1013
Jabari Smith Jr.,79,79,2451,31.02,364,4.6,892,11.29,0.408,120,1.51,391,4.94,0.307,244,3.08,501,6.34,0.487,0.475,162,2.05,206,2.6,0.786,122,1.54,447,5.65,569,7.2,101,1.27,43,0.54,74,0.93,104,1.31,227,2.87,12.78,1010
Malcolm Brogdon,67,0,1744,26.02,354,5.28,732,10.92,0.484,132,1.97,297,4.43,0.444,222,3.31,435,6.49,0.51,0.574,160,2.38,184,2.74,0.87,42,0.62,238,3.55,280,4.17,248,3.7,45,0.67,18,0.26,98,1.46,109,1.62,14.92,1000
Bobby Portis,70,22,1818,25.97,398,5.68,803,11.47,0.496,95,1.35,257,3.67,0.37,303,4.32,546,7.8,0.555,0.555,96,1.37,125,1.78,0.768,154,2.2,518,7.4,672,9.6,105,1.5,29,0.41,16,0.22,81,1.15,115,1.64,14.1,987
Keegan Murray,80,78,2382,29.77,354,4.42,782,9.77,0.453,206,2.57,501,6.26,0.411,148,1.85,281,3.51,0.527,0.584,62,0.77,81,1.01,0.765,89,1.11,282,3.52,371,4.63,98,1.22,61,0.76,42,0.52,60,0.75,162,2.02,12.2,976
Kelly Oubre Jr.,48,40,1548,32.25,353,7.35,819,17.06,0.431,108,2.25,339,7.06,0.319,245,5.1,480,10,0.51,0.497,158,3.29,208,4.33,0.76,65,1.35,184,3.83,249,5.18,54,1.12,68,1.41,18,0.37,64,1.33,141,2.93,20.25,972
Jarrett Allen,68,68,2220,32.64,403,5.92,626,9.2,0.644,1,0.01,10,0.14,0.1,402,5.91,616,9.05,0.653,0.645,162,2.38,221,3.25,0.733,221,3.25,445,6.54,666,9.79,113,1.66,54,0.79,84,1.23,93,1.36,153,2.25,14.25,969
Nic Claxton,76,76,2271,29.88,414,5.44,587,7.72,0.705,0,0,2,0.02,0,414,5.44,585,7.69,0.708,0.705,133,1.75,246,3.23,0.541,184,2.42,518,6.81,702,9.23,144,1.89,65,0.85,189,2.48,96,1.26,212,2.78,12.64,961
Jaden McDaniels,79,79,2416,30.58,370,4.68,716,9.06,0.517,107,1.35,269,3.4,0.398,263,3.32,447,5.65,0.588,0.591,106,1.34,144,1.82,0.736,92,1.16,215,2.72,307,3.88,148,1.87,74,0.93,76,0.96,112,1.41,272,3.44,12.06,953
Rudy Gobert,70,70,2148,30.68,360,5.14,546,7.8,0.659,0,0,3,0.04,0,360,5.14,543,7.75,0.663,0.659,219,3.12,340,4.85,0.644,231,3.3,583,8.32,814,11.62,87,1.24,56,0.8,95,1.35,122,1.74,210,3,13.41,939
John Collins,71,71,2130,30,359,5.05,707,9.95,0.508,70,0.98,240,3.38,0.292,289,4.07,467,6.57,0.619,0.557,143,2.01,178,2.5,0.803,77,1.08,385,5.42,462,6.5,85,1.19,42,0.59,73,1.02,79,1.11,220,3.09,13.11,931
Bruce Brown,80,31,2280,28.5,358,4.47,741,9.26,0.483,91,1.13,254,3.17,0.358,267,3.33,487,6.08,0.548,0.545,116,1.45,153,1.91,0.758,63,0.78,265,3.31,328,4.1,268,3.35,87,1.08,51,0.63,123,1.53,190,2.37,11.53,923
Max Strus,80,33,2272,28.4,324,4.05,790,9.87,0.41,197,2.46,563,7.03,0.35,127,1.58,227,2.83,0.559,0.535,78,0.97,89,1.11,0.876,49,0.61,209,2.61,258,3.22,171,2.13,42,0.52,12,0.15,70,0.87,166,2.07,11.53,923
Caris LeVert,74,30,2237,30.22,320,4.32,742,10.02,0.431,127,1.71,324,4.37,0.392,193,2.6,418,5.64,0.462,0.517,130,1.75,180,2.43,0.722,53,0.71,229,3.09,282,3.81,287,3.87,72,0.97,24,0.32,116,1.56,170,2.29,12.12,897
Jakob Poeltl,72,71,1906,26.47,389,5.4,618,8.58,0.629,0,0,1,0.01,0,389,5.4,617,8.56,0.63,0.629,119,1.65,201,2.79,0.592,236,3.27,417,5.79,653,9.06,197,2.73,66,0.91,86,1.19,125,1.73,195,2.7,12.45,897
Tre Jones,68,65,1984,29.17,341,5.01,743,10.92,0.459,45,0.66,158,2.32,0.285,296,4.35,585,8.6,0.506,0.489,148,2.17,172,2.52,0.86,56,0.82,189,2.77,245,3.6,448,6.58,89,1.3,9,0.13,110,1.61,98,1.44,12.86,875
Wendell Carter Jr.,57,54,1690,29.64,322,5.64,613,10.75,0.525,80,1.4,225,3.94,0.356,242,4.24,388,6.8,0.624,0.591,144,2.52,195,3.42,0.738,120,2.1,377,6.61,497,8.71,132,2.31,30,0.52,33,0.57,106,1.85,159,2.78,15.22,868
Mason Plumlee,79,60,2054,26,329,4.16,484,6.12,0.68,0,0,0,0,,329,4.16,484,6.12,0.68,0.68,199,2.51,313,3.96,0.636,229,2.89,471,5.96,700,8.86,245,3.1,46,0.58,47,0.59,117,1.48,217,2.74,10.84,857
Eric Gordon,69,58,1965,28.47,291,4.21,653,9.46,0.446,132,1.91,356,5.15,0.371,159,2.3,297,4.3,0.535,0.547,142,2.05,173,2.5,0.821,16,0.23,118,1.71,134,1.94,183,2.65,43,0.62,25,0.36,104,1.5,78,1.13,12.4,856
Kelly Olynyk,68,68,1942,28.55,278,4.08,557,8.19,0.499,93,1.36,236,3.47,0.394,185,2.72,321,4.72,0.576,0.583,198,2.91,232,3.41,0.853,82,1.2,338,4.97,420,6.17,252,3.7,60,0.88,37,0.54,168,2.47,232,3.41,12.45,847
LaMelo Ball,36,36,1268,35.22,296,8.22,721,20.02,0.411,144,4,383,10.63,0.376,152,4.22,338,9.38,0.45,0.51,102,2.83,122,3.38,0.836,42,1.16,189,5.25,231,6.41,304,8.44,46,1.27,11,0.3,129,3.58,118,3.27,23.27,838
Markelle Fultz,60,60,1778,29.63,349,5.81,679,11.31,0.514,27,0.45,87,1.45,0.31,322,5.36,592,9.86,0.544,0.534,112,1.86,143,2.38,0.783,69,1.15,165,2.75,234,3.9,341,5.68,87,1.45,26,0.43,139,2.31,131,2.18,13.95,837
Austin Reaves,64,22,1843,28.79,259,4.04,490,7.65,0.529,86,1.34,216,3.37,0.398,173,2.7,274,4.28,0.631,0.616,229,3.57,265,4.14,0.864,33,0.51,160,2.5,193,3.01,215,3.35,33,0.51,19,0.29,99,1.54,108,1.68,13.01,833
Patrick Williams,82,65,2323,28.32,314,3.82,677,8.25,0.464,115,1.4,277,3.37,0.415,199,2.42,400,4.87,0.498,0.549,90,1.09,105,1.28,0.857,78,0.95,249,3.03,327,3.98,100,1.21,72,0.87,70,0.85,101,1.23,147,1.79,10.15,833
Dennis Schröder,66,50,1986,30.09,270,4.09,650,9.84,0.415,74,1.12,225,3.4,0.329,196,2.96,425,6.43,0.461,0.472,216,3.27,252,3.81,0.857,21,0.31,144,2.18,165,2.5,298,4.51,50,0.75,10,0.15,112,1.69,145,2.19,12.57,830
Tyus Jones,80,22,1940,24.25,311,3.88,710,8.87,0.438,121,1.51,326,4.07,0.371,190,2.37,384,4.8,0.495,0.523,80,1,100,1.25,0.8,28,0.35,172,2.15,200,2.5,417,5.21,83,1.03,6,0.07,74,0.92,32,0.4,10.28,823
Kentavious Caldwell-Pope,76,76,2381,31.32,292,3.84,632,8.31,0.462,135,1.77,319,4.19,0.423,157,2.06,313,4.11,0.502,0.569,103,1.35,125,1.64,0.824,35,0.46,173,2.27,208,2.73,183,2.4,112,1.47,35,0.46,86,1.13,145,1.9,10.81,822
Corey Kispert,74,45,2093,28.28,291,3.93,585,7.9,0.497,163,2.2,384,5.18,0.424,128,1.72,201,2.71,0.637,0.637,75,1.01,88,1.18,0.852,33,0.44,174,2.35,207,2.79,87,1.17,32,0.43,9,0.12,55,0.74,97,1.31,11.08,820
Chris Paul,59,59,1889,32.01,294,4.98,668,11.32,0.44,98,1.66,261,4.42,0.375,196,3.32,407,6.89,0.482,0.513,133,2.25,160,2.71,0.831,27,0.45,224,3.79,251,4.25,524,8.88,91,1.54,22,0.37,114,1.93,126,2.13,13.88,819
Ivica Zubac,76,76,2170,28.55,326,4.28,514,6.76,0.634,0,0,2,0.02,0,326,4.28,512,6.73,0.637,0.634,166,2.18,238,3.13,0.697,236,3.1,520,6.84,756,9.94,77,1.01,29,0.38,98,1.28,117,1.53,219,2.88,10.76,818
Quentin Grimes,71,66,2121,29.87,282,3.97,602,8.47,0.468,157,2.21,407,5.73,0.386,125,1.76,195,2.74,0.641,0.599,78,1.09,98,1.38,0.796,49,0.69,180,2.53,229,3.22,150,2.11,47,0.66,26,0.36,69,0.97,177,2.49,11.25,799
Mike Conley,67,66,2029,30.28,261,3.89,610,9.1,0.428,135,2.01,351,5.23,0.385,126,1.88,259,3.86,0.486,0.539,141,2.1,169,2.52,0.834,33,0.49,149,2.22,182,2.71,450,6.71,73,1.08,14,0.2,103,1.53,139,2.07,11.91,798
Onyeka Okongwu,80,18,1849,23.11,317,3.96,497,6.21,0.638,4,0.05,13,0.16,0.308,313,3.91,484,6.05,0.647,0.642,153,1.91,196,2.45,0.781,217,2.71,359,4.48,576,7.2,81,1.01,56,0.7,107,1.33,81,1.01,251,3.13,9.88,791
Shaedon Sharpe,80,15,1779,22.23,306,3.82,648,8.1,0.472,102,1.27,283,3.53,0.36,204,2.55,365,4.56,0.559,0.551,75,0.93,105,1.31,0.714,63,0.78,173,2.16,236,2.95,94,1.17,38,0.47,24,0.3,83,1.03,136,1.7,9.86,789
Killian Hayes,76,56,2154,28.34,307,4.03,815,10.72,0.377,80,1.05,286,3.76,0.28,227,2.98,529,6.96,0.429,0.426,92,1.21,112,1.47,0.821,28,0.36,193,2.53,221,2.9,470,6.18,104,1.36,28,0.36,173,2.27,219,2.88,10.34,786
Cole Anthony,60,4,1552,25.86,277,4.61,610,10.16,0.454,75,1.25,206,3.43,0.364,202,3.36,404,6.73,0.5,0.516,152,2.53,170,2.83,0.894,47,0.78,241,4.01,288,4.8,235,3.91,37,0.61,31,0.51,91,1.51,158,2.63,13.01,781
Naz Reid,68,11,1251,18.39,310,4.55,577,8.48,0.537,75,1.1,217,3.19,0.346,235,3.45,360,5.29,0.653,0.602,86,1.26,127,1.86,0.677,73,1.07,260,3.82,333,4.89,77,1.13,42,0.61,53,0.77,92,1.35,176,2.58,11.48,781
De'Anthony Melton,77,58,2150,27.92,277,3.59,651,8.45,0.425,157,2.03,403,5.23,0.39,120,1.55,248,3.22,0.484,0.546,69,0.89,87,1.12,0.793,69,0.89,243,3.15,312,4.05,197,2.55,126,1.63,41,0.53,102,1.32,191,2.48,10.12,780
Clint Capela,65,63,1730,26.61,350,5.38,536,8.24,0.653,0,0,1,0.01,0,350,5.38,535,8.23,0.654,0.653,79,1.21,131,2.01,0.603,258,3.96,459,7.06,717,11.03,58,0.89,45,0.69,79,1.21,54,0.83,139,2.13,11.98,779
Tari Eason,82,5,1767,21.54,296,3.6,660,8.04,0.448,59,0.71,172,2.09,0.343,237,2.89,488,5.95,0.486,0.493,109,1.32,145,1.76,0.752,195,2.37,301,3.67,496,6.04,88,1.07,96,1.17,47,0.57,101,1.23,189,2.3,9.26,760
Bogdan Bogdanović,54,9,1508,27.92,273,5.05,611,11.31,0.447,146,2.7,360,6.66,0.406,127,2.35,251,4.64,0.506,0.566,64,1.18,77,1.42,0.831,23,0.42,142,2.62,165,3.05,150,2.77,43,0.79,18,0.33,65,1.2,86,1.59,14,756
Jalen McDaniels,80,24,1913,23.91,281,3.51,617,7.71,0.455,77,0.96,232,2.9,0.332,204,2.55,385,4.81,0.53,0.518,116,1.45,138,1.72,0.841,63,0.78,283,3.53,346,4.32,130,1.62,83,1.03,34,0.42,93,1.16,209,2.61,9.43,755
Zion Williamson,29,29,956,32.96,285,9.82,469,16.17,0.608,7,0.24,19,0.65,0.368,278,9.58,450,15.51,0.618,0.615,177,6.1,248,8.55,0.714,58,2,144,4.96,202,6.96,133,4.58,32,1.1,16,0.55,99,3.41,65,2.24,26,754
Grayson Allen,72,70,1972,27.38,245,3.4,557,7.73,0.44,146,2.02,366,5.08,0.399,99,1.37,191,2.65,0.518,0.571,114,1.58,126,1.75,0.905,61,0.84,176,2.44,237,3.29,163,2.26,62,0.86,14,0.19,72,1,117,1.62,10.41,750
Josh Hart,76,52,2454,32.28,275,3.61,520,6.84,0.529,61,0.8,164,2.15,0.372,214,2.81,356,4.68,0.601,0.588,132,1.73,176,2.31,0.75,142,1.86,451,5.93,593,7.8,290,3.81,88,1.15,21,0.27,117,1.53,195,2.56,9.77,743
Aaron Nesmith,73,60,1816,24.87,252,3.45,590,8.08,0.427,115,1.57,314,4.3,0.366,137,1.87,276,3.78,0.496,0.525,119,1.63,142,1.94,0.838,62,0.84,215,2.94,277,3.79,98,1.34,55,0.75,34,0.46,75,1.02,235,3.21,10.1,738
Gordon Hayward,50,50,1577,31.54,276,5.52,581,11.62,0.475,52,1.04,160,3.2,0.325,224,4.48,421,8.42,0.532,0.52,129,2.58,159,3.18,0.811,33,0.66,182,3.64,215,4.3,206,4.12,42,0.84,12,0.24,99,1.98,70,1.4,14.66,733
Zach Collins,63,26,1441,22.87,284,4.5,548,8.69,0.518,55,0.87,147,2.33,0.374,229,3.63,401,6.36,0.571,0.568,108,1.71,142,2.25,0.761,116,1.84,286,4.53,402,6.38,180,2.85,37,0.58,49,0.77,129,2.04,199,3.15,11.6,731
Marcus Morris,65,65,1825,28.07,274,4.21,643,9.89,0.426,112,1.72,308,4.73,0.364,162,2.49,335,5.15,0.484,0.513,68,1.04,87,1.33,0.782,29,0.44,229,3.52,258,3.96,114,1.75,42,0.64,21,0.32,56,0.86,136,2.09,11.2,728
Coby White,74,2,1730,23.37,263,3.55,594,8.02,0.443,128,1.72,344,4.64,0.372,135,1.82,250,3.37,0.54,0.551,61,0.82,70,0.94,0.871,16,0.21,196,2.64,212,2.86,204,2.75,54,0.72,6,0.08,74,1,122,1.64,9.66,715
Terance Mann,81,36,1872,23.11,272,3.35,524,6.46,0.519,77,0.95,198,2.44,0.389,195,2.4,326,4.02,0.598,0.593,92,1.13,118,1.45,0.78,77,0.95,199,2.45,276,3.4,184,2.27,42,0.51,22,0.27,80,0.98,149,1.83,8.8,713
Chris Boucher,76,0,1523,20.03,261,3.43,529,6.96,0.493,62,0.81,189,2.48,0.328,199,2.61,340,4.47,0.585,0.552,128,1.68,168,2.21,0.762,157,2.06,264,3.47,421,5.53,29,0.38,47,0.61,64,0.84,41,0.53,143,1.88,9.36,712
Andrew Nembhard,75,63,2073,27.64,284,3.78,644,8.58,0.441,92,1.22,263,3.5,0.35,192,2.56,381,5.08,0.504,0.512,49,0.65,62,0.82,0.79,35,0.46,164,2.18,199,2.65,341,4.54,70,0.93,13,0.17,126,1.68,179,2.38,9.45,709
Rui Hachimura,63,9,1466,23.26,284,4.5,584,9.26,0.486,51,0.8,160,2.53,0.319,233,3.69,424,6.73,0.55,0.53,88,1.39,119,1.88,0.739,53,0.84,230,3.65,283,4.49,58,0.92,19,0.3,26,0.41,53,0.84,72,1.14,11.22,707
Daniel Gafford,78,47,1604,20.56,289,3.7,395,5.06,0.732,0,0,0,0,,289,3.7,395,5.06,0.732,0.732,127,1.62,187,2.39,0.679,163,2.08,270,3.46,433,5.55,84,1.07,33,0.42,99,1.26,85,1.08,187,2.39,9.03,705
Jaylen Nowell,65,2,1252,19.26,280,4.3,625,9.61,0.448,67,1.03,232,3.56,0.289,213,3.27,393,6.04,0.542,0.502,77,1.18,99,1.52,0.778,36,0.55,134,2.06,170,2.61,132,2.03,42,0.64,5,0.07,65,1,101,1.55,10.83,704
Marcus Smart,61,61,1957,32.08,250,4.09,602,9.86,0.415,115,1.88,342,5.6,0.336,135,2.21,260,4.26,0.519,0.511,88,1.44,118,1.93,0.746,46,0.75,145,2.37,191,3.13,382,6.26,93,1.52,23,0.37,143,2.34,172,2.81,11.52,703
Devin Vassell,38,32,1178,31,261,6.86,595,15.65,0.439,103,2.71,266,7,0.387,158,4.15,329,8.65,0.48,0.525,78,2.05,100,2.63,0.78,8,0.21,140,3.68,148,3.89,136,3.57,43,1.13,17,0.44,57,1.5,57,1.5,18.5,703
Talen Horton-Tucker,65,20,1313,20.2,257,3.95,613,9.43,0.419,58,0.89,203,3.12,0.286,199,3.06,410,6.3,0.485,0.467,126,1.93,168,2.58,0.75,41,0.63,169,2.6,210,3.23,246,3.78,41,0.63,29,0.44,126,1.93,108,1.66,10.73,698
Naji Marshall,77,21,1792,23.27,247,3.2,571,7.41,0.433,66,0.85,218,2.83,0.303,181,2.35,353,4.58,0.513,0.49,138,1.79,175,2.27,0.789,48,0.62,231,3,279,3.62,189,2.45,54,0.7,14,0.18,97,1.25,113,1.46,9.06,698
Deni Avdija,76,40,2020,26.57,253,3.32,579,7.61,0.437,69,0.9,232,3.05,0.297,184,2.42,347,4.56,0.53,0.497,122,1.6,165,2.17,0.739,74,0.97,413,5.43,487,6.4,211,2.77,65,0.85,29,0.38,123,1.61,209,2.75,9.17,697
Santi Aldama,77,20,1682,21.84,247,3.2,525,6.81,0.47,94,1.22,266,3.45,0.353,153,1.98,259,3.36,0.591,0.56,108,1.4,144,1.87,0.75,85,1.1,286,3.71,371,4.81,97,1.25,45,0.58,48,0.62,60,0.77,143,1.85,9.03,696
Jusuf Nurkić,52,52,1391,26.75,262,5.03,505,9.71,0.519,43,0.82,119,2.28,0.361,219,4.21,386,7.42,0.567,0.561,127,2.44,192,3.69,0.661,114,2.19,357,6.86,471,9.05,149,2.86,43,0.82,44,0.84,119,2.28,185,3.55,13.34,694
Reggie Jackson,68,40,1657,24.36,263,3.86,640,9.41,0.411,96,1.41,288,4.23,0.333,167,2.45,352,5.17,0.474,0.486,71,1.04,78,1.14,0.91,25,0.36,119,1.75,144,2.11,233,3.42,47,0.69,6,0.08,115,1.69,114,1.67,10.19,693
Isaiah Joe,73,10,1395,19.1,224,3.06,508,6.95,0.441,161,2.2,394,5.39,0.409,63,0.86,114,1.56,0.553,0.599,82,1.12,100,1.36,0.82,27,0.36,148,2.02,175,2.39,88,1.2,48,0.65,8,0.1,39,0.53,105,1.43,9.46,691
Ayo Dosunmu,80,51,2098,26.22,281,3.51,570,7.12,0.493,59,0.73,189,2.36,0.312,222,2.77,381,4.76,0.583,0.545,66,0.82,82,1.02,0.805,45,0.56,175,2.18,220,2.75,206,2.57,62,0.77,26,0.32,99,1.23,182,2.27,8.58,687
Collin Sexton,48,15,1145,23.85,237,4.93,468,9.75,0.506,48,1,122,2.54,0.393,189,3.93,346,7.2,0.546,0.558,163,3.39,199,4.14,0.819,37,0.77,68,1.41,105,2.18,138,2.87,27,0.56,6,0.12,85,1.77,112,2.33,14.27,685
Caleb Martin,71,49,2077,29.25,254,3.57,548,7.71,0.464,84,1.18,236,3.32,0.356,170,2.39,312,4.39,0.545,0.54,91,1.28,113,1.59,0.805,88,1.23,256,3.6,344,4.84,117,1.64,71,1,31,0.43,78,1.09,145,2.04,9.61,683
Walker Kessler,74,40,1703,23.01,298,4.02,414,5.59,0.72,1,0.01,3,0.04,0.333,297,4.01,411,5.55,0.723,0.721,82,1.1,159,2.14,0.516,231,3.12,389,5.25,620,8.37,69,0.93,26,0.35,173,2.33,58,0.78,169,2.28,9.17,679
Donte DiVincenzo,72,36,1894,26.3,235,3.26,540,7.5,0.435,150,2.08,378,5.25,0.397,85,1.18,162,2.25,0.525,0.574,58,0.8,71,0.98,0.817,80,1.11,245,3.4,325,4.51,252,3.5,97,1.34,10,0.13,112,1.55,133,1.84,9.41,678
Malaki Branham,66,32,1550,23.48,269,4.07,611,9.25,0.44,77,1.16,255,3.86,0.302,192,2.9,356,5.39,0.539,0.503,58,0.87,70,1.06,0.829,28,0.42,153,2.31,181,2.74,127,1.92,33,0.5,7,0.1,76,1.15,115,1.74,10.19,673
Royce O'Neale,76,53,2409,31.69,229,3.01,593,7.8,0.386,163,2.14,419,5.51,0.389,66,0.86,174,2.28,0.379,0.524,50,0.65,69,0.9,0.725,55,0.72,329,4.32,384,5.05,283,3.72,65,0.85,49,0.64,114,1.5,239,3.14,8.82,671
Cedi Osman,77,2,1548,20.1,239,3.1,530,6.88,0.451,116,1.5,312,4.05,0.372,123,1.59,218,2.83,0.564,0.56,75,0.97,108,1.4,0.694,25,0.32,151,1.96,176,2.28,115,1.49,35,0.45,11,0.14,52,0.67,122,1.58,8.68,669
Jonathan Kuminga,67,16,1394,20.8,261,3.89,497,7.41,0.525,54,0.8,146,2.17,0.37,207,3.08,351,5.23,0.59,0.579,90,1.34,138,2.05,0.652,70,1.04,161,2.4,231,3.44,125,1.86,41,0.61,31,0.46,95,1.41,157,2.34,9.94,666
Bones Hyland,56,1,1085,19.37,228,4.07,571,10.19,0.399,117,2.08,315,5.62,0.371,111,1.98,256,4.57,0.434,0.502,86,1.53,102,1.82,0.843,20,0.35,115,2.05,135,2.41,172,3.07,39,0.69,15,0.26,82,1.46,96,1.71,11.76,659
Doug McDermott,64,0,1314,20.53,239,3.73,523,8.17,0.457,123,1.92,298,4.65,0.413,116,1.81,225,3.51,0.516,0.575,53,0.82,70,1.09,0.757,24,0.37,115,1.79,139,2.17,91,1.42,13,0.2,6,0.09,58,0.9,118,1.84,10.21,654
Josh Richardson,65,10,1530,23.53,239,3.67,554,8.52,0.431,107,1.64,293,4.5,0.365,132,2.03,261,4.01,0.506,0.528,69,1.06,81,1.24,0.852,41,0.63,134,2.06,175,2.69,174,2.67,69,1.06,20,0.3,86,1.32,117,1.8,10.06,654
Lonnie Walker IV,56,32,1297,23.16,236,4.21,527,9.41,0.448,91,1.62,249,4.44,0.365,145,2.58,278,4.96,0.522,0.534,91,1.62,106,1.89,0.858,14,0.25,95,1.69,109,1.94,64,1.14,30,0.53,17,0.3,46,0.82,71,1.26,11.67,654
Alec Burks,51,8,1122,22,200,3.92,459,9,0.436,99,1.94,239,4.68,0.414,101,1.98,220,4.31,0.459,0.544,153,3,188,3.68,0.814,19,0.37,139,2.72,158,3.09,114,2.23,38,0.74,8,0.15,58,1.13,98,1.92,12.78,652
Jevon Carter,81,39,1810,22.34,239,2.95,565,6.97,0.423,142,1.75,337,4.16,0.421,97,1.19,228,2.81,0.425,0.549,31,0.38,38,0.46,0.816,35,0.43,167,2.06,202,2.49,197,2.43,66,0.81,29,0.35,78,0.96,158,1.95,8.03,651
Cameron Johnson,42,41,1199,28.54,223,5.3,474,11.28,0.47,103,2.45,255,6.07,0.404,120,2.85,219,5.21,0.548,0.579,101,2.4,120,2.85,0.842,34,0.8,151,3.59,185,4.4,78,1.85,50,1.19,14,0.33,37,0.88,83,1.97,15.47,650
T.J. McConnell,75,6,1526,20.34,283,3.77,521,6.94,0.543,26,0.34,59,0.78,0.441,257,3.42,462,6.16,0.556,0.568,58,0.77,68,0.9,0.853,45,0.6,189,2.52,234,3.12,397,5.29,81,1.08,10,0.13,143,1.9,105,1.4,8.66,650
Herbert Jones,66,66,1951,29.56,235,3.56,501,7.59,0.469,56,0.84,167,2.53,0.335,179,2.71,334,5.06,0.536,0.525,123,1.86,161,2.43,0.764,97,1.46,172,2.6,269,4.07,162,2.45,103,1.56,42,0.63,88,1.33,208,3.15,9.83,649
Kyle Anderson,69,46,1957,28.36,252,3.65,495,7.17,0.509,43,0.62,105,1.52,0.41,209,3.02,390,5.65,0.536,0.553,100,1.44,136,1.97,0.735,66,0.95,302,4.37,368,5.33,335,4.85,78,1.13,63,0.91,103,1.49,146,2.11,9.37,647
Keita Bates-Diop,67,42,1452,21.67,236,3.52,465,6.94,0.508,56,0.83,142,2.11,0.394,180,2.68,323,4.82,0.557,0.568,119,1.77,150,2.23,0.793,65,0.97,183,2.73,248,3.7,103,1.53,46,0.68,20,0.29,56,0.83,63,0.94,9.65,647
Jalen Smith,68,31,1279,18.8,242,3.55,508,7.47,0.476,54,0.79,191,2.8,0.283,188,2.76,317,4.66,0.593,0.53,104,1.52,137,2.01,0.759,129,1.89,265,3.89,394,5.79,66,0.97,21,0.3,60,0.88,72,1.05,153,2.25,9.44,642
Gabe Vincent,68,34,1759,25.86,228,3.35,567,8.33,0.402,117,1.72,350,5.14,0.334,111,1.63,217,3.19,0.512,0.505,68,1,78,1.14,0.872,27,0.39,118,1.73,145,2.13,167,2.45,62,0.91,5,0.07,92,1.35,154,2.26,9.42,641
Grant Williams,79,23,2045,25.88,216,2.73,476,6.02,0.454,115,1.45,291,3.68,0.395,101,1.27,185,2.34,0.546,0.575,94,1.18,122,1.54,0.77,87,1.1,276,3.49,363,4.59,131,1.65,41,0.51,31,0.39,82,1.03,192,2.43,8.11,641
AJ Griffin,72,12,1401,19.45,248,3.44,533,7.4,0.465,101,1.4,259,3.59,0.39,147,2.04,274,3.8,0.536,0.56,42,0.58,47,0.65,0.894,37,0.51,116,1.61,153,2.12,73,1.01,42,0.58,12,0.16,42,0.58,87,1.2,8.87,639
Shake Milton,76,11,1567,20.61,241,3.17,503,6.61,0.479,56,0.73,148,1.94,0.378,185,2.43,355,4.67,0.521,0.535,99,1.3,116,1.52,0.853,39,0.51,152,2,191,2.51,240,3.15,25,0.32,13,0.17,94,1.23,123,1.61,8.38,637
Georges Niang,78,1,1512,19.38,222,2.84,502,6.43,0.442,154,1.97,384,4.92,0.401,68,0.87,118,1.51,0.576,0.596,39,0.5,45,0.57,0.867,19,0.24,166,2.12,185,2.37,77,0.98,30,0.38,14,0.17,54,0.69,145,1.85,8.16,637
Monte Morris,62,61,1695,27.33,247,3.98,515,8.3,0.48,78,1.25,204,3.29,0.382,169,2.72,311,5.01,0.543,0.555,64,1.03,77,1.24,0.831,26,0.41,184,2.96,210,3.38,326,5.25,43,0.69,13,0.2,60,0.96,75,1.2,10.25,636
Bol Bol,70,33,1505,21.5,261,3.72,478,6.82,0.546,30,0.42,113,1.61,0.265,231,3.3,365,5.21,0.633,0.577,82,1.17,108,1.54,0.759,69,0.98,336,4.8,405,5.78,69,0.98,30,0.42,85,1.21,112,1.6,92,1.31,9.05,634
Andrew Wiggins,37,37,1190,32.16,250,6.75,529,14.29,0.473,89,2.4,225,6.08,0.396,161,4.35,304,8.21,0.53,0.557,44,1.18,72,1.94,0.611,61,1.64,125,3.37,186,5.02,85,2.29,45,1.21,28,0.75,48,1.29,107,2.89,17.1,633
Jarred Vanderbilt,78,65,1879,24.08,247,3.16,451,5.78,0.548,29,0.37,90,1.15,0.322,218,2.79,361,4.62,0.604,0.58,96,1.23,139,1.78,0.691,170,2.17,412,5.28,582,7.46,184,2.35,83,1.06,21,0.26,97,1.24,190,2.43,7.93,619
Draymond Green,73,73,2297,31.46,250,3.42,474,6.49,0.527,40,0.54,131,1.79,0.305,210,2.87,343,4.69,0.612,0.57,77,1.05,108,1.47,0.713,66,0.9,459,6.28,525,7.19,500,6.84,74,1.01,60,0.82,204,2.79,229,3.13,8.45,617
Al Horford,63,63,1922,30.5,228,3.61,479,7.6,0.476,145,2.3,325,5.15,0.446,83,1.31,154,2.44,0.539,0.627,15,0.23,21,0.33,0.714,73,1.15,317,5.03,390,6.19,189,3,30,0.47,61,0.96,37,0.58,121,1.92,9.77,616
Kyle Lowry,55,44,1718,31.23,196,3.56,485,8.81,0.404,107,1.94,310,5.63,0.345,89,1.61,175,3.18,0.509,0.514,116,2.1,135,2.45,0.859,43,0.78,182,3.3,225,4.09,281,5.1,57,1.03,21,0.38,103,1.87,143,2.6,11.18,615
Jeremy Sochan,56,53,1458,26.03,250,4.46,552,9.85,0.453,33,0.58,134,2.39,0.246,217,3.87,418,7.46,0.519,0.483,81,1.44,116,2.07,0.698,95,1.69,200,3.57,295,5.26,142,2.53,43,0.76,23,0.41,97,1.73,138,2.46,10.96,614
Jalen Duren,67,31,1670,24.92,258,3.85,398,5.94,0.648,0,0,2,0.02,0,258,3.85,396,5.91,0.652,0.648,96,1.43,157,2.34,0.611,229,3.41,366,5.46,595,8.88,75,1.11,44,0.65,59,0.88,92,1.37,182,2.71,9.13,612
Damion Lee,74,5,1506,20.35,200,2.7,452,6.1,0.442,110,1.48,247,3.33,0.445,90,1.21,205,2.77,0.439,0.564,94,1.27,104,1.4,0.904,39,0.52,186,2.51,225,3.04,99,1.33,30,0.4,7,0.09,78,1.05,118,1.59,8.16,604
Cam Thomas,57,4,948,16.63,201,3.52,456,8,0.441,51,0.89,133,2.33,0.383,150,2.63,323,5.66,0.464,0.497,151,2.64,174,3.05,0.868,8,0.14,87,1.52,95,1.66,78,1.36,20,0.35,7,0.12,63,1.1,55,0.96,10.59,604
Karl-Anthony Towns,29,29,957,33,212,7.31,428,14.75,0.495,60,2.06,164,5.65,0.366,152,5.24,264,9.1,0.576,0.565,118,4.06,135,4.65,0.874,48,1.65,188,6.48,236,8.13,140,4.82,20,0.68,17,0.58,86,2.96,111,3.82,20.75,602
Moritz Wagner,57,18,1109,19.45,198,3.47,396,6.94,0.5,51,0.89,163,2.85,0.313,147,2.57,233,4.08,0.631,0.564,153,2.68,182,3.19,0.841,69,1.21,190,3.33,259,4.54,84,1.47,37,0.64,13,0.22,68,1.19,136,2.38,10.52,600
Torrey Craig,79,60,1948,24.65,228,2.88,500,6.32,0.456,100,1.26,253,3.2,0.395,128,1.62,247,3.12,0.518,0.556,32,0.4,45,0.56,0.711,145,1.83,281,3.55,426,5.39,117,1.48,50,0.63,62,0.78,73,0.92,179,2.26,7.44,588
Thomas Bryant,59,26,1081,18.32,230,3.89,369,6.25,0.623,26,0.44,59,1,0.441,204,3.45,310,5.25,0.658,0.659,93,1.57,126,2.13,0.738,86,1.45,253,4.28,339,5.74,31,0.52,16,0.27,30,0.5,38,0.64,102,1.72,9.81,579
Kevon Looney,82,70,1958,23.87,242,2.95,384,4.68,0.63,0,0,1,0.01,0,242,2.95,383,4.67,0.632,0.63,94,1.14,155,1.89,0.606,274,3.34,486,5.92,760,9.26,207,2.52,52,0.63,50,0.6,45,0.54,225,2.74,7.04,578
Isaiah Stewart,50,47,1414,28.28,195,3.9,441,8.82,0.442,67,1.34,205,4.1,0.327,128,2.56,236,4.72,0.542,0.518,110,2.2,149,2.98,0.738,115,2.3,288,5.76,403,8.06,70,1.4,20,0.4,34,0.68,68,1.36,133,2.66,11.34,567
Joe Harris,74,33,1527,20.63,201,2.71,440,5.94,0.457,142,1.91,333,4.5,0.426,59,0.79,107,1.44,0.551,0.618,18,0.24,28,0.37,0.643,23,0.31,141,1.9,164,2.21,101,1.36,34,0.45,13,0.17,41,0.55,140,1.89,7.59,562
Trey Lyles,74,0,1247,16.85,187,2.52,408,5.51,0.458,87,1.17,240,3.24,0.363,100,1.35,168,2.27,0.595,0.565,101,1.36,124,1.67,0.815,68,0.91,232,3.13,300,4.05,66,0.89,27,0.36,31,0.41,64,0.86,97,1.31,7.59,562
Reggie Bullock,78,55,2364,30.3,192,2.46,470,6.02,0.409,151,1.93,397,5.08,0.38,41,0.52,73,0.93,0.562,0.569,26,0.33,37,0.47,0.703,32,0.41,251,3.21,283,3.62,108,1.38,54,0.69,13,0.16,36,0.46,166,2.12,7.19,561
Seth Curry,61,7,1211,19.85,208,3.4,449,7.36,0.463,94,1.54,232,3.8,0.405,114,1.86,217,3.55,0.525,0.568,51,0.83,55,0.9,0.927,13,0.21,87,1.42,100,1.63,99,1.62,36,0.59,7,0.11,51,0.83,96,1.57,9.19,561
Brandon Clarke,56,8,1090,19.46,229,4.08,349,6.23,0.656,1,0.01,6,0.1,0.167,228,4.07,343,6.12,0.665,0.658,99,1.76,137,2.44,0.723,92,1.64,218,3.89,310,5.53,72,1.28,34,0.6,37,0.66,55,0.98,131,2.33,9.96,558
Dorian Finney-Smith,66,66,2009,30.43,196,2.96,501,7.59,0.391,114,1.72,338,5.12,0.337,82,1.24,163,2.46,0.503,0.505,45,0.68,59,0.89,0.763,114,1.72,202,3.06,316,4.78,100,1.51,55,0.83,36,0.54,62,0.93,144,2.18,8.34,551
Jose Alvarado,61,10,1310,21.47,201,3.29,489,8.01,0.411,83,1.36,247,4.04,0.336,118,1.93,242,3.96,0.488,0.496,65,1.06,80,1.31,0.813,28,0.45,113,1.85,141,2.31,186,3.04,67,1.09,10,0.16,81,1.32,125,2.04,9.01,550
Josh Green,60,21,1539,25.65,205,3.41,382,6.36,0.537,68,1.13,169,2.81,0.402,137,2.28,213,3.55,0.643,0.626,68,1.13,94,1.56,0.723,55,0.91,127,2.11,182,3.03,103,1.71,42,0.7,5,0.08,72,1.2,156,2.6,9.1,546
Luke Kennard,59,14,1315,22.28,188,3.18,382,6.47,0.492,133,2.25,269,4.55,0.494,55,0.93,113,1.91,0.487,0.666,37,0.62,39,0.66,0.949,15,0.25,143,2.42,158,2.67,91,1.54,32,0.54,5,0.08,46,0.77,82,1.38,9.25,546
Jordan Nwora,62,14,1188,19.16,194,3.12,445,7.17,0.436,86,1.38,211,3.4,0.408,108,1.74,234,3.77,0.462,0.533,68,1.09,86,1.38,0.791,51,0.82,178,2.87,229,3.69,88,1.41,24,0.38,14,0.22,66,1.06,74,1.19,8.74,542
Troy Brown Jr.,76,45,1860,24.47,200,2.63,465,6.11,0.43,107,1.4,281,3.69,0.381,93,1.22,184,2.42,0.505,0.545,34,0.44,39,0.51,0.872,62,0.81,246,3.23,308,4.05,95,1.25,59,0.77,16,0.21,49,0.64,120,1.57,7.11,541
Devonte' Graham,73,8,1338,18.32,161,2.2,431,5.9,0.374,119,1.63,338,4.63,0.352,42,0.57,93,1.27,0.452,0.512,98,1.34,131,1.79,0.748,19,0.26,103,1.41,122,1.67,196,2.68,45,0.61,16,0.21,53,0.72,79,1.08,7.38,539
Nick Richards,65,9,1217,18.72,197,3.03,313,4.81,0.629,1,0.01,1,0.01,1,196,3.01,312,4.8,0.628,0.631,137,2.1,183,2.81,0.749,147,2.26,269,4.13,416,6.4,38,0.58,11,0.16,71,1.09,59,0.9,154,2.36,8.18,532
Josh Okogie,72,26,1350,18.75,162,2.25,414,5.75,0.391,66,0.91,197,2.73,0.335,96,1.33,217,3.01,0.442,0.471,139,1.93,192,2.66,0.724,109,1.51,142,1.97,251,3.48,105,1.45,56,0.77,34,0.47,63,0.87,114,1.58,7.34,529
Jalen Suggs,53,19,1246,23.5,186,3.5,444,8.37,0.419,66,1.24,202,3.81,0.327,120,2.26,242,4.56,0.496,0.493,86,1.62,119,2.24,0.723,55,1.03,106,2,161,3.03,155,2.92,67,1.26,27,0.5,94,1.77,120,2.26,9.88,524
Hamidou Diallo,56,0,996,17.78,215,3.83,375,6.69,0.573,5,0.08,21,0.37,0.238,210,3.75,354,6.32,0.593,0.58,87,1.55,148,2.64,0.588,57,1.01,137,2.44,194,3.46,55,0.98,53,0.94,16,0.28,71,1.26,124,2.21,9.32,522
Terrence Ross,63,9,1330,21.11,200,3.17,465,7.38,0.43,95,1.5,258,4.09,0.368,105,1.66,207,3.28,0.507,0.532,27,0.42,34,0.53,0.794,22,0.34,132,2.09,154,2.44,95,1.5,35,0.55,10,0.15,43,0.68,97,1.53,8.28,522
Drew Eubanks,78,28,1584,20.3,214,2.74,334,4.28,0.641,7,0.08,18,0.23,0.389,207,2.65,316,4.05,0.655,0.651,83,1.06,125,1.6,0.664,132,1.69,286,3.66,418,5.35,103,1.32,40,0.51,102,1.3,67,0.85,169,2.16,6.64,518
Tre Mann,67,5,1183,17.65,197,2.94,501,7.47,0.393,81,1.2,257,3.83,0.315,116,1.73,244,3.64,0.475,0.474,42,0.62,55,0.82,0.764,27,0.4,128,1.91,155,2.31,120,1.79,40,0.59,11,0.16,62,0.92,99,1.47,7.71,517
Sam Hauser,80,8,1290,16.12,180,2.25,396,4.95,0.455,140,1.75,335,4.18,0.418,40,0.5,61,0.76,0.656,0.631,12,0.15,17,0.21,0.706,35,0.43,169,2.11,204,2.55,71,0.88,29,0.36,21,0.26,30,0.37,99,1.23,6.4,512
Kevin Love,62,20,1240,20,165,2.66,424,6.83,0.389,99,1.59,296,4.77,0.334,66,1.06,128,2.06,0.516,0.506,80,1.29,91,1.46,0.879,59,0.95,340,5.48,399,6.43,116,1.87,16,0.25,12,0.19,70,1.12,97,1.56,8.2,509
Precious Achiuwa,55,12,1140,20.72,196,3.56,404,7.34,0.485,29,0.52,108,1.96,0.269,167,3.03,296,5.38,0.564,0.521,87,1.58,124,2.25,0.702,100,1.81,228,4.14,328,5.96,50,0.9,31,0.56,30,0.54,59,1.07,102,1.85,9.23,508
Dwight Powell,76,64,1458,19.18,197,2.59,269,3.53,0.732,0,0,5,0.06,0,197,2.59,264,3.47,0.746,0.732,112,1.47,168,2.21,0.667,149,1.96,165,2.17,314,4.13,69,0.9,48,0.63,26,0.34,65,0.85,209,2.75,6.65,506
Marvin Bagley III,42,25,990,23.57,202,4.8,382,9.09,0.529,19,0.45,66,1.57,0.288,183,4.35,316,7.52,0.579,0.554,81,1.92,108,2.57,0.75,94,2.23,175,4.16,269,6.4,36,0.85,19,0.45,30,0.71,46,1.09,81,1.92,12,504
Khris Middleton,33,19,801,24.27,177,5.36,406,12.3,0.436,51,1.54,162,4.9,0.315,126,3.81,244,7.39,0.516,0.499,92,2.78,102,3.09,0.902,28,0.84,112,3.39,140,4.24,163,4.93,23,0.69,5,0.15,71,2.15,68,2.06,15.06,497
Obi Toppin,67,5,1050,15.67,187,2.79,419,6.25,0.446,85,1.26,247,3.68,0.344,102,1.52,172,2.56,0.593,0.548,38,0.56,47,0.7,0.809,29,0.43,158,2.35,187,2.79,66,0.98,23,0.34,12,0.17,38,0.56,68,1.01,7.41,497
Kendrick Nunn,70,2,964,13.77,191,2.72,450,6.42,0.424,79,1.12,223,3.18,0.354,112,1.6,227,3.24,0.493,0.512,35,0.5,41,0.58,0.854,15,0.21,94,1.34,109,1.55,90,1.28,28,0.4,7,0.1,66,0.94,66,0.94,7.08,496
Cameron Payne,48,15,968,20.16,188,3.91,453,9.43,0.415,68,1.41,185,3.85,0.368,120,2.5,268,5.58,0.448,0.49,49,1.02,64,1.33,0.766,12,0.25,94,1.95,106,2.2,214,4.45,33,0.68,8,0.16,81,1.68,88,1.83,10.27,493
Taurean Prince,54,4,1192,22.07,177,3.27,379,7.01,0.467,74,1.37,194,3.59,0.381,103,1.9,185,3.42,0.557,0.565,65,1.2,77,1.42,0.844,15,0.27,117,2.16,132,2.44,84,1.55,28,0.51,15,0.27,69,1.27,123,2.27,9.12,493
Isaac Okoro,76,46,1652,21.73,175,2.3,354,4.65,0.494,62,0.81,171,2.25,0.363,113,1.48,183,2.4,0.617,0.582,78,1.02,103,1.35,0.757,52,0.68,135,1.77,187,2.46,87,1.14,56,0.73,30,0.39,42,0.55,158,2.07,6.44,490
Aaron Wiggins,70,14,1297,18.52,186,2.65,363,5.18,0.512,48,0.68,122,1.74,0.393,138,1.97,241,3.44,0.573,0.579,59,0.84,71,1.01,0.831,68,0.97,142,2.02,210,3,80,1.14,39,0.55,15,0.21,55,0.78,110,1.57,6.84,479
Nicolas Batum,78,19,1709,21.91,160,2.05,381,4.88,0.42,124,1.58,317,4.06,0.391,36,0.46,64,0.82,0.563,0.583,34,0.43,48,0.61,0.708,62,0.79,237,3.03,299,3.83,121,1.55,54,0.69,44,0.56,50,0.64,149,1.91,6.12,478
Dennis Smith Jr.,54,15,1390,25.74,186,3.44,452,8.37,0.412,24,0.44,111,2.05,0.216,162,3,341,6.31,0.475,0.438,78,1.44,106,1.96,0.736,27,0.5,140,2.59,167,3.09,261,4.83,75,1.38,25,0.46,82,1.51,122,2.25,8.77,474
Ochai Agbaji,59,22,1209,20.49,165,2.79,386,6.54,0.427,81,1.37,228,3.86,0.355,84,1.42,158,2.67,0.532,0.532,56,0.94,69,1.16,0.812,43,0.72,78,1.32,121,2.05,67,1.13,16,0.27,15,0.25,41,0.69,99,1.67,7.91,467
Pat Connaughton,61,33,1443,23.65,165,2.7,421,6.9,0.392,109,1.78,322,5.27,0.339,56,0.91,99,1.62,0.566,0.521,27,0.44,41,0.67,0.659,50,0.81,233,3.81,283,4.63,77,1.26,37,0.6,11,0.18,33,0.54,69,1.13,7.63,466
David Roddy,70,4,1258,17.97,180,2.57,420,6,0.429,65,0.92,212,3.02,0.307,115,1.64,208,2.97,0.553,0.506,41,0.58,65,0.92,0.631,50,0.71,143,2.04,193,2.75,59,0.84,29,0.41,19,0.27,57,0.81,107,1.52,6.65,466
Trendon Watford,62,12,1182,19.06,181,2.91,323,5.2,0.56,25,0.4,64,1.03,0.391,156,2.51,259,4.17,0.602,0.599,72,1.16,100,1.61,0.72,42,0.67,196,3.16,238,3.83,130,2.09,32,0.51,12,0.19,71,1.14,118,1.9,7.4,459
Jock Landale,69,4,979,14.18,178,2.57,337,4.88,0.528,21,0.3,84,1.21,0.25,157,2.27,253,3.66,0.621,0.559,79,1.14,105,1.52,0.752,119,1.72,161,2.33,280,4.05,68,0.98,16,0.23,30,0.43,59,0.85,126,1.82,6.6,456
Isaiah Jackson,63,12,1042,16.53,179,2.84,318,5.04,0.563,2,0.03,14,0.22,0.143,177,2.8,304,4.82,0.582,0.566,95,1.5,146,2.31,0.651,113,1.79,169,2.68,282,4.47,51,0.8,31,0.49,93,1.47,51,0.8,154,2.44,7.22,455
Davion Mitchell,80,9,1447,18.08,181,2.26,399,4.98,0.454,63,0.78,197,2.46,0.32,118,1.47,202,2.52,0.584,0.533,25,0.31,31,0.38,0.806,16,0.2,89,1.11,105,1.31,185,2.31,44,0.55,15,0.18,62,0.77,112,1.4,5.62,450
James Wiseman,45,22,867,19.26,189,4.2,339,7.53,0.558,4,0.08,20,0.44,0.2,185,4.11,319,7.08,0.58,0.563,68,1.51,97,2.15,0.701,73,1.62,194,4.31,267,5.93,30,0.66,7,0.15,27,0.6,51,1.13,108,2.4,10,450
Victor Oladipo,42,2,1106,26.33,160,3.8,403,9.59,0.397,70,1.66,212,5.04,0.33,90,2.14,191,4.54,0.471,0.484,59,1.4,79,1.88,0.747,16,0.38,112,2.66,128,3.04,146,3.47,57,1.35,12,0.28,87,2.07,99,2.35,10.69,449
Larry Nance Jr.,65,1,1381,21.24,186,2.86,305,4.69,0.61,14,0.21,42,0.64,0.333,172,2.64,263,4.04,0.654,0.633,55,0.84,79,1.21,0.696,106,1.63,248,3.81,354,5.44,119,1.83,56,0.86,37,0.56,42,0.64,133,2.04,6.78,441
Jeff Green,56,4,1091,19.48,160,2.85,328,5.85,0.488,30,0.53,104,1.85,0.288,130,2.32,224,4,0.58,0.534,87,1.55,117,2.08,0.744,38,0.67,106,1.89,144,2.57,69,1.23,18,0.32,17,0.3,46,0.82,99,1.76,7.8,437
Mitchell Robinson,59,58,1591,26.96,188,3.18,280,4.74,0.671,0,0,0,0,,188,3.18,280,4.74,0.671,0.671,59,1,122,2.06,0.484,267,4.52,288,4.88,555,9.4,53,0.89,56,0.94,109,1.84,41,0.69,160,2.71,7.37,435
Terence Davis,64,5,841,13.14,154,2.4,364,5.68,0.423,89,1.39,243,3.79,0.366,65,1.01,121,1.89,0.537,0.545,34,0.53,43,0.67,0.791,20,0.31,119,1.85,139,2.17,67,1.04,43,0.67,12,0.18,53,0.82,104,1.62,6.73,431
Xavier Tillman Sr.,61,29,1180,19.34,188,3.08,306,5.01,0.614,4,0.06,15,0.24,0.267,184,3.01,291,4.77,0.632,0.621,49,0.8,89,1.45,0.551,121,1.98,186,3.04,307,5.03,96,1.57,58,0.95,29,0.47,44,0.72,97,1.59,7.03,429
Cory Joseph,62,2,1227,19.79,150,2.41,351,5.66,0.427,70,1.12,180,2.9,0.389,80,1.29,171,2.75,0.468,0.527,57,0.91,72,1.16,0.792,21,0.33,85,1.37,106,1.7,217,3.5,34,0.54,9,0.14,56,0.9,88,1.41,6.88,427
Kenrich Williams,53,10,1206,22.75,179,3.37,346,6.52,0.517,50,0.94,134,2.52,0.373,129,2.43,212,4,0.608,0.59,17,0.32,39,0.73,0.436,97,1.83,164,3.09,261,4.92,105,1.98,45,0.84,14,0.26,32,0.6,112,2.11,8.01,425
Jaden Hardy,48,5,708,14.75,146,3.04,333,6.93,0.438,63,1.31,156,3.25,0.404,83,1.72,177,3.68,0.469,0.533,65,1.35,79,1.64,0.823,11,0.22,78,1.62,89,1.85,65,1.35,17,0.35,7,0.14,46,0.95,64,1.33,8.75,420
Patrick Beverley,67,67,1816,27.1,144,2.14,360,5.37,0.4,80,1.19,239,3.56,0.335,64,0.95,121,1.8,0.529,0.511,47,0.7,65,0.97,0.723,44,0.65,203,3.02,247,3.68,194,2.89,63,0.94,41,0.61,60,0.89,187,2.79,6.19,415
Kevin Knox,63,5,952,15.11,152,2.41,332,5.26,0.458,65,1.03,186,2.95,0.349,87,1.38,146,2.31,0.596,0.556,46,0.73,60,0.95,0.767,34,0.53,143,2.26,177,2.8,33,0.52,24,0.38,12,0.19,50,0.79,95,1.5,6.58,415
Anthony Lamb,62,4,1195,19.27,148,2.38,314,5.06,0.471,73,1.17,199,3.2,0.367,75,1.2,115,1.85,0.652,0.588,46,0.74,60,0.96,0.767,56,0.9,159,2.56,215,3.46,96,1.54,28,0.45,20,0.32,54,0.87,134,2.16,6.69,415
Jordan Goodwin,62,7,1106,17.83,158,2.54,353,5.69,0.448,38,0.61,118,1.9,0.322,120,1.93,235,3.79,0.511,0.501,53,0.85,69,1.11,0.768,57,0.91,148,2.38,205,3.3,168,2.7,58,0.93,26,0.41,57,0.91,95,1.53,6.56,407
Isaiah Hartenstein,82,8,1626,19.82,175,2.13,327,3.98,0.535,8,0.09,37,0.45,0.216,167,2.03,290,3.53,0.576,0.547,48,0.58,71,0.86,0.676,209,2.54,327,3.98,536,6.53,102,1.24,53,0.64,64,0.78,66,0.8,213,2.59,4.95,406
Andre Drummond,67,0,849,12.67,166,2.47,274,4.08,0.606,0,0,3,0.04,0,166,2.47,271,4.04,0.613,0.606,67,1,125,1.86,0.536,138,2.05,306,4.56,444,6.62,33,0.49,45,0.67,27,0.4,75,1.11,117,1.74,5.95,399
Oshae Brissett,65,2,1083,16.66,123,1.89,319,4.9,0.386,48,0.73,155,2.38,0.31,75,1.15,164,2.52,0.457,0.461,104,1.6,145,2.23,0.717,62,0.95,156,2.4,218,3.35,44,0.67,33,0.5,13,0.2,34,0.52,79,1.21,6.12,398
Gary Harris,48,42,1184,24.66,138,2.87,307,6.39,0.45,94,1.95,218,4.54,0.431,44,0.91,89,1.85,0.494,0.603,27,0.56,30,0.62,0.9,21,0.43,77,1.6,98,2.04,59,1.22,45,0.93,12,0.25,28,0.58,93,1.93,8.27,397
Jalen Johnson,70,6,1042,14.88,158,2.25,322,4.6,0.491,30,0.42,104,1.48,0.288,128,1.82,218,3.11,0.587,0.537,49,0.7,78,1.11,0.628,51,0.72,231,3.3,282,4.02,83,1.18,38,0.54,34,0.48,41,0.58,113,1.61,5.64,395
Cam Reddish,40,20,990,24.75,139,3.47,312,7.8,0.446,45,1.12,144,3.6,0.313,94,2.35,168,4.2,0.56,0.518,64,1.6,75,1.87,0.853,18,0.45,70,1.75,88,2.2,57,1.42,39,0.97,14,0.35,47,1.17,72,1.8,9.67,387
Mark Williams,43,17,828,19.25,160,3.72,251,5.83,0.637,0,0,0,0,,160,3.72,251,5.83,0.637,0.637,67,1.55,97,2.25,0.691,93,2.16,211,4.9,304,7.06,18,0.41,28,0.65,45,1.04,40,0.93,94,2.18,9,387
John Wall,34,3,755,22.2,138,4.05,338,9.94,0.408,33,0.97,109,3.2,0.303,105,3.08,229,6.73,0.459,0.457,77,2.26,113,3.32,0.681,14,0.41,78,2.29,92,2.7,178,5.23,27,0.79,12,0.35,80,2.35,59,1.73,11.35,386
Mike Muscala,63,9,945,15,131,2.07,292,4.63,0.449,81,1.28,207,3.28,0.391,50,0.79,85,1.34,0.588,0.587,40,0.63,52,0.82,0.769,37,0.58,166,2.63,203,3.22,50,0.79,15,0.23,24,0.38,23,0.36,98,1.55,6.07,383
Will Barton,56,2,993,17.73,138,2.46,364,6.5,0.379,66,1.17,180,3.21,0.367,72,1.28,184,3.28,0.391,0.47,37,0.66,47,0.83,0.787,15,0.26,122,2.17,137,2.44,112,2,28,0.5,13,0.23,48,0.85,56,1,6.76,379
Edmond Sumner,53,12,736,13.88,124,2.33,269,5.07,0.461,31,0.58,87,1.64,0.356,93,1.75,182,3.43,0.511,0.519,99,1.86,108,2.03,0.917,13,0.24,66,1.24,79,1.49,68,1.28,31,0.58,10,0.18,50,0.94,83,1.56,7.13,378
Alex Caruso,67,36,1575,23.5,130,1.94,286,4.26,0.455,55,0.82,151,2.25,0.364,75,1.11,135,2.01,0.556,0.551,59,0.88,73,1.08,0.808,42,0.62,154,2.29,196,2.92,193,2.88,98,1.46,46,0.68,77,1.14,159,2.37,5.58,374
Josh Christopher,64,2,786,12.28,153,2.39,329,5.14,0.465,21,0.32,89,1.39,0.236,132,2.06,240,3.75,0.55,0.497,45,0.7,60,0.93,0.75,20,0.31,51,0.79,71,1.1,73,1.14,33,0.51,15,0.23,60,0.93,59,0.92,5.81,372
Wenyen Gabriel,68,2,1024,15.05,155,2.27,260,3.82,0.596,10,0.14,36,0.52,0.278,145,2.13,224,3.29,0.647,0.615,52,0.76,84,1.23,0.619,116,1.7,170,2.5,286,4.2,36,0.52,26,0.38,35,0.51,46,0.67,144,2.11,5.47,372
Delon Wright,50,14,1221,24.42,138,2.76,291,5.82,0.474,41,0.82,119,2.38,0.345,97,1.94,172,3.44,0.564,0.545,52,1.04,60,1.2,0.867,58,1.16,122,2.44,180,3.6,194,3.88,92,1.84,17,0.34,44,0.88,59,1.18,7.38,369
JaMychal Green,57,1,797,13.98,136,2.38,252,4.42,0.54,42,0.73,111,1.94,0.378,94,1.64,141,2.47,0.667,0.623,52,0.91,67,1.17,0.776,72,1.26,133,2.33,205,3.59,51,0.89,25,0.43,23,0.4,52,0.91,105,1.84,6.42,366
Goran Dragić,58,0,870,15,141,2.43,335,5.77,0.421,52,0.89,145,2.5,0.359,89,1.53,190,3.27,0.468,0.499,31,0.53,45,0.77,0.689,16,0.27,65,1.12,81,1.39,151,2.6,13,0.22,4,0.06,63,1.08,65,1.12,6.29,365
John Konchar,72,23,1494,20.75,138,1.91,320,4.44,0.431,60,0.83,177,2.45,0.339,78,1.08,143,1.98,0.545,0.525,28,0.38,36,0.5,0.778,64,0.88,246,3.41,310,4.3,100,1.38,77,1.06,25,0.34,37,0.51,112,1.55,5.05,364
Nickeil Alexander-Walker,59,3,884,14.98,131,2.22,295,5,0.444,61,1.03,159,2.69,0.384,70,1.18,136,2.3,0.515,0.547,40,0.67,60,1.01,0.667,15,0.25,86,1.45,101,1.71,108,1.83,32,0.54,21,0.35,55,0.93,88,1.49,6.15,363
Chris Duarte,46,12,897,19.5,123,2.67,333,7.23,0.369,55,1.19,174,3.78,0.316,68,1.47,159,3.45,0.428,0.452,61,1.32,72,1.56,0.847,19,0.41,96,2.08,115,2.5,64,1.39,25,0.54,9,0.19,41,0.89,65,1.41,7.86,362
Dario Šarić,57,12,806,14.14,127,2.22,277,4.85,0.458,45,0.78,115,2.01,0.391,82,1.43,162,2.84,0.506,0.54,63,1.1,76,1.33,0.829,53,0.92,154,2.7,207,3.63,74,1.29,20,0.35,7,0.12,55,0.96,99,1.73,6.35,362
Steven Adams,42,42,1133,26.97,157,3.73,263,6.26,0.597,0,0,1,0.02,0,157,3.73,262,6.23,0.599,0.597,47,1.11,129,3.07,0.364,214,5.09,271,6.45,485,11.54,97,2.3,36,0.85,46,1.09,79,1.88,98,2.33,8.59,361
Christian Braun,76,6,1181,15.53,143,1.88,289,3.8,0.495,34,0.44,96,1.26,0.354,109,1.43,193,2.53,0.565,0.554,40,0.52,64,0.84,0.625,48,0.63,133,1.75,181,2.38,59,0.77,41,0.53,17,0.22,35,0.46,101,1.32,4.73,360
Nassir Little,54,4,976,18.07,134,2.48,303,5.61,0.442,58,1.07,158,2.92,0.367,76,1.4,145,2.68,0.524,0.538,33,0.61,46,0.85,0.717,27,0.5,114,2.11,141,2.61,50,0.92,20,0.37,20,0.37,36,0.66,66,1.22,6.64,359
Isaiah Livers,52,22,1199,23.05,120,2.3,288,5.53,0.417,74,1.42,203,3.9,0.365,46,0.88,85,1.63,0.541,0.545,32,0.61,39,0.75,0.821,28,0.53,115,2.21,143,2.75,41,0.78,28,0.53,28,0.53,30,0.57,103,1.98,6.65,346
Landry Shamet,40,9,807,20.17,113,2.82,300,7.5,0.377,75,1.87,199,4.97,0.377,38,0.95,101,2.52,0.376,0.502,45,1.12,51,1.27,0.882,11,0.27,56,1.4,67,1.67,93,2.32,26,0.65,5,0.12,36,0.9,61,1.52,8.65,346
Simone Fontecchio,52,6,766,14.73,115,2.21,312,6,0.369,63,1.21,191,3.67,0.33,52,1,121,2.32,0.43,0.47,35,0.67,44,0.84,0.795,31,0.59,55,1.05,86,1.65,42,0.8,15,0.28,8,0.15,39,0.75,62,1.19,6.3,328
Lamar Stevens,62,25,1120,18.06,129,2.08,288,4.64,0.448,30,0.48,95,1.53,0.316,99,1.59,193,3.11,0.513,0.5,40,0.64,57,0.91,0.702,48,0.77,159,2.56,207,3.33,33,0.53,27,0.43,19,0.3,27,0.43,79,1.27,5.29,328
Mo Bamba,49,7,769,15.69,117,2.38,241,4.91,0.485,48,0.97,124,2.53,0.387,69,1.4,117,2.38,0.59,0.585,41,0.83,62,1.26,0.661,58,1.18,167,3.4,225,4.59,46,0.93,13,0.26,43,0.87,30,0.61,105,2.14,6.59,323
Yuta Watanabe,58,1,928,16,114,1.96,232,4,0.491,60,1.03,135,2.32,0.444,54,0.93,97,1.67,0.557,0.621,34,0.58,47,0.81,0.723,30,0.51,111,1.91,141,2.43,48,0.82,25,0.43,17,0.29,22,0.37,80,1.37,5.55,322
Chimezie Metu,66,0,689,10.43,129,1.95,219,3.31,0.589,9,0.13,38,0.57,0.237,120,1.81,181,2.74,0.663,0.61,54,0.81,73,1.1,0.74,47,0.71,151,2.28,198,3,40,0.6,22,0.33,21,0.31,32,0.48,81,1.22,4.86,321
Montrezl Harrell,57,7,681,11.94,125,2.19,209,3.66,0.598,0,0,6,0.1,0,125,2.19,203,3.56,0.616,0.598,70,1.22,101,1.77,0.693,67,1.17,92,1.61,159,2.78,33,0.57,17,0.29,25,0.43,35,0.61,75,1.31,5.61,320
Derrick Jones Jr.,64,0,893,13.95,115,1.79,230,3.59,0.5,27,0.42,80,1.25,0.338,88,1.37,150,2.34,0.587,0.559,62,0.96,84,1.31,0.738,60,0.93,93,1.45,153,2.39,34,0.53,29,0.45,37,0.57,25,0.39,86,1.34,4.98,319
Joe Ingles,46,0,1044,22.69,108,2.34,248,5.39,0.435,83,1.8,203,4.41,0.409,25,0.54,45,0.97,0.556,0.603,18,0.39,21,0.45,0.857,13,0.28,115,2.5,128,2.78,150,3.26,33,0.71,6,0.13,55,1.19,74,1.6,6.89,317
T.J. Warren,42,0,687,16.35,132,3.14,270,6.42,0.489,22,0.52,67,1.59,0.328,110,2.61,203,4.83,0.542,0.53,28,0.66,35,0.83,0.8,26,0.61,95,2.26,121,2.88,40,0.95,22,0.52,12,0.28,20,0.47,65,1.54,7.47,314
Ty Jerome,45,2,816,18.13,118,2.62,242,5.37,0.488,35,0.77,90,2,0.389,83,1.84,152,3.37,0.546,0.56,38,0.84,41,0.91,0.927,7,0.15,71,1.57,78,1.73,135,3,23,0.51,5,0.11,30,0.66,64,1.42,6.86,309
R.J. Hampton,47,3,750,15.95,102,2.17,237,5.04,0.43,41,0.87,116,2.46,0.353,61,1.29,121,2.57,0.504,0.517,57,1.21,76,1.61,0.75,18,0.38,69,1.46,87,1.85,54,1.14,27,0.57,9,0.19,42,0.89,51,1.08,6.42,302
Moses Moody,63,3,817,12.96,108,1.71,227,3.6,0.476,49,0.77,135,2.14,0.363,59,0.93,92,1.46,0.641,0.584,37,0.58,53,0.84,0.698,28,0.44,77,1.22,105,1.66,51,0.8,18,0.28,7,0.11,34,0.53,54,0.85,4.79,302
Vlatko Čančar,60,9,889,14.81,108,1.8,227,3.78,0.476,43,0.71,115,1.91,0.374,65,1.08,112,1.86,0.58,0.57,38,0.63,41,0.68,0.927,24,0.4,104,1.73,128,2.13,80,1.33,22,0.36,14,0.23,37,0.61,84,1.4,4.95,297
Romeo Langford,43,21,844,19.62,121,2.81,259,6.02,0.467,16,0.37,61,1.41,0.262,105,2.44,198,4.6,0.53,0.498,39,0.9,56,1.3,0.696,57,1.32,57,1.32,114,2.65,50,1.16,24,0.55,13,0.3,30,0.69,67,1.55,6.9,297
Théo Maledon,44,7,854,19.4,102,2.31,254,5.77,0.402,28,0.63,95,2.15,0.295,74,1.68,159,3.61,0.465,0.457,63,1.43,74,1.68,0.851,14,0.31,109,2.47,123,2.79,152,3.45,37,0.84,12,0.27,59,1.34,61,1.38,6.7,295
Rudy Gay,56,0,816,14.57,109,1.94,287,5.12,0.38,33,0.58,130,2.32,0.254,76,1.35,157,2.8,0.484,0.437,42,0.75,49,0.87,0.857,33,0.58,130,2.32,163,2.91,57,1.01,19,0.33,18,0.32,37,0.66,68,1.21,5.23,293
Matisse Thybulle,71,28,1200,16.9,110,1.54,253,3.56,0.435,54,0.76,148,2.08,0.365,56,0.78,105,1.47,0.533,0.542,19,0.26,28,0.39,0.679,40,0.56,100,1.4,140,1.97,53,0.74,83,1.16,32,0.45,24,0.33,113,1.59,4.12,293
Jeremiah Robinson-Earl,43,20,814,18.93,110,2.55,248,5.76,0.444,37,0.86,111,2.58,0.333,73,1.69,137,3.18,0.533,0.518,35,0.81,42,0.97,0.833,71,1.65,109,2.53,180,4.18,43,1,24,0.55,11,0.25,19,0.44,71,1.65,6.79,292
Ben Simmons,42,33,1105,26.3,133,3.16,235,5.59,0.566,0,0,2,0.04,0,133,3.16,233,5.54,0.571,0.566,25,0.59,57,1.35,0.439,40,0.95,223,5.3,263,6.26,256,6.09,54,1.28,24,0.57,97,2.3,139,3.3,6.92,291
Kris Dunn,22,3,568,25.81,116,5.27,216,9.81,0.537,17,0.77,36,1.63,0.472,99,4.5,180,8.18,0.55,0.576,41,1.86,53,2.4,0.774,9,0.4,91,4.13,100,4.54,124,5.63,25,1.13,10,0.45,35,1.59,58,2.63,13.18,290
Robert Covington,48,0,779,16.22,102,2.12,229,4.77,0.445,54,1.12,136,2.83,0.397,48,1,93,1.93,0.516,0.563,30,0.62,40,0.83,0.75,31,0.64,135,2.81,166,3.45,57,1.18,38,0.79,33,0.68,32,0.66,86,1.79,6,288
Jaylin Williams,49,36,914,18.65,102,2.08,234,4.77,0.436,46,0.93,113,2.3,0.407,56,1.14,121,2.46,0.463,0.534,38,0.77,54,1.1,0.704,44,0.89,197,4.02,241,4.91,76,1.55,28,0.57,12,0.24,37,0.75,111,2.26,5.87,288
Paul Reed,69,2,755,10.94,124,1.79,209,3.02,0.593,1,0.01,6,0.08,0.167,123,1.78,203,2.94,0.606,0.596,38,0.55,51,0.73,0.745,112,1.62,150,2.17,262,3.79,27,0.39,46,0.66,51,0.73,45,0.65,123,1.78,4.15,287
Jae'Sean Tate,31,7,677,21.83,110,3.54,229,7.38,0.48,13,0.41,46,1.48,0.283,97,3.12,183,5.9,0.53,0.509,50,1.61,69,2.22,0.725,41,1.32,77,2.48,118,3.8,84,2.7,21,0.67,7,0.22,47,1.51,106,3.41,9.12,283
Robert Williams,35,20,824,23.54,127,3.62,170,4.85,0.747,0,0,1,0.02,0,127,3.62,169,4.82,0.751,0.747,25,0.71,41,1.17,0.61,104,2.97,188,5.37,292,8.34,50,1.42,22,0.62,48,1.37,34,0.97,68,1.94,7.97,279
Eugene Omoruyi,40,6,645,16.12,101,2.52,228,5.7,0.443,25,0.62,89,2.22,0.281,76,1.9,139,3.47,0.547,0.498,51,1.27,75,1.87,0.68,43,1.07,68,1.7,111,2.77,28,0.7,28,0.7,3,0.07,34,0.85,91,2.27,6.95,278
Zeke Nnaji,53,5,728,13.73,110,2.07,196,3.69,0.561,17,0.32,65,1.22,0.262,93,1.75,131,2.47,0.71,0.605,40,0.75,62,1.16,0.645,65,1.22,73,1.37,138,2.6,18,0.33,17,0.32,23,0.43,31,0.58,105,1.98,5.22,277
Aleksej Pokusevski,34,25,701,20.61,108,3.17,249,7.32,0.434,38,1.11,104,3.05,0.365,70,2.05,145,4.26,0.483,0.51,22,0.64,35,1.02,0.629,45,1.32,114,3.35,159,4.67,64,1.88,20,0.58,43,1.26,43,1.26,58,1.7,8.11,276
Payton Pritchard,48,3,643,13.39,101,2.1,245,5.1,0.412,56,1.16,154,3.2,0.364,45,0.93,91,1.89,0.495,0.527,12,0.25,16,0.33,0.75,25,0.52,63,1.31,88,1.83,64,1.33,14,0.29,1,0.02,40,0.83,37,0.77,5.62,270
Danuel House Jr.,56,5,807,14.41,93,1.66,197,3.51,0.472,37,0.66,110,1.96,0.336,56,1,87,1.55,0.644,0.566,45,0.8,60,1.07,0.75,9,0.16,85,1.51,94,1.67,44,0.78,14,0.25,9,0.16,26,0.46,69,1.23,4.78,268
Duncan Robinson,42,1,691,16.45,88,2.09,237,5.64,0.371,63,1.5,192,4.57,0.328,25,0.59,45,1.07,0.556,0.504,29,0.69,32,0.76,0.906,8,0.19,61,1.45,69,1.64,46,1.09,14,0.33,0,0,28,0.66,77,1.83,6.38,268
MarJon Beauchamp,52,11,701,13.48,96,1.84,243,4.67,0.395,47,0.9,142,2.73,0.331,49,0.94,101,1.94,0.485,0.492,27,0.51,37,0.71,0.73,38,0.73,77,1.48,115,2.21,35,0.67,21,0.4,7,0.13,45,0.86,71,1.36,5.11,266
P.J. Tucker,75,75,1920,25.6,96,1.28,225,3,0.427,55,0.73,140,1.86,0.393,41,0.54,85,1.13,0.482,0.549,19,0.25,23,0.3,0.826,95,1.26,200,2.66,295,3.93,60,0.8,39,0.52,15,0.2,44,0.58,180,2.4,3.54,266
Bismack Biyombo,61,14,874,14.32,119,1.95,206,3.37,0.578,0,0,0,0,,119,1.95,206,3.37,0.578,0.578,25,0.4,70,1.14,0.357,89,1.45,171,2.8,260,4.26,56,0.91,18,0.29,88,1.44,51,0.83,114,1.86,4.31,263
Sandro Mamukelashvili,43,7,660,15.34,97,2.25,230,5.34,0.422,30,0.69,99,2.3,0.303,67,1.55,131,3.04,0.511,0.487,39,0.9,57,1.32,0.684,70,1.62,115,2.67,185,4.3,62,1.44,14,0.32,12,0.27,35,0.81,52,1.2,6.11,263
Willy Hernangómez,38,2,458,12.05,89,2.34,169,4.44,0.527,3,0.07,11,0.28,0.273,86,2.26,158,4.15,0.544,0.536,81,2.13,104,2.73,0.779,58,1.52,122,3.21,180,4.73,33,0.86,17,0.44,13,0.34,39,1.02,64,1.68,6.89,262
JT Thor,69,8,969,14.04,95,1.37,238,3.44,0.399,39,0.56,123,1.78,0.317,56,0.81,115,1.66,0.487,0.481,33,0.47,47,0.68,0.702,36,0.52,116,1.68,152,2.2,36,0.52,22,0.31,23,0.33,44,0.63,66,0.95,3.79,262
Luke Kornet,69,0,804,11.65,113,1.63,170,2.46,0.665,3,0.04,13,0.18,0.231,110,1.59,157,2.27,0.701,0.674,32,0.46,39,0.56,0.821,86,1.24,111,1.6,197,2.85,53,0.76,11,0.15,46,0.66,25,0.36,81,1.17,3.78,261
Garrison Mathews,54,0,686,12.7,73,1.35,201,3.72,0.363,63,1.16,180,3.33,0.35,10,0.18,21,0.38,0.476,0.52,48,0.88,53,0.98,0.906,11,0.2,62,1.14,73,1.35,26,0.48,24,0.44,5,0.09,19,0.35,62,1.14,4.75,257
Austin Rivers,52,10,1016,19.53,91,1.75,209,4.01,0.435,43,0.82,123,2.36,0.35,48,0.92,86,1.65,0.558,0.538,30,0.57,39,0.75,0.769,5,0.09,78,1.5,83,1.59,75,1.44,28,0.53,4,0.07,23,0.44,80,1.53,4.9,255
Ish Wainright,60,2,915,15.25,84,1.4,227,3.78,0.37,57,0.95,173,2.88,0.329,27,0.45,54,0.9,0.5,0.496,26,0.43,31,0.51,0.839,45,0.75,94,1.56,139,2.31,53,0.88,38,0.63,22,0.36,22,0.36,117,1.95,4.18,251
Aaron Holiday,63,6,845,13.41,92,1.46,220,3.49,0.418,36,0.57,88,1.39,0.409,56,0.88,132,2.09,0.424,0.5,27,0.42,32,0.5,0.844,25,0.39,49,0.77,74,1.17,89,1.41,37,0.58,12,0.19,36,0.57,79,1.25,3.92,247
Malachi Flynn,53,2,691,13.03,87,1.64,242,4.56,0.36,47,0.88,133,2.5,0.353,40,0.75,109,2.05,0.367,0.457,25,0.47,33,0.62,0.758,15,0.28,61,1.15,76,1.43,70,1.32,21,0.39,4,0.07,25,0.47,65,1.22,4.64,246
Bryce McGowens,46,7,787,17.1,80,1.73,202,4.39,0.396,26,0.56,80,1.73,0.325,54,1.17,122,2.65,0.443,0.46,60,1.3,80,1.73,0.75,20,0.43,73,1.58,93,2.02,54,1.17,15,0.32,6,0.13,43,0.93,48,1.04,5.34,246
Patty Mills,40,2,567,14.17,86,2.15,209,5.22,0.411,49,1.22,134,3.35,0.366,37,0.92,75,1.87,0.493,0.529,25,0.62,30,0.75,0.833,8,0.2,36,0.9,44,1.1,56,1.4,15,0.37,3,0.07,30,0.75,32,0.8,6.15,246
Duane Washington Jr.,31,3,394,12.7,94,3.03,256,8.25,0.367,40,1.29,111,3.58,0.36,54,1.74,145,4.67,0.372,0.445,16,0.51,24,0.77,0.667,2,0.06,34,1.09,36,1.16,63,2.03,6,0.19,4,0.12,34,1.09,23,0.74,7.87,244
Thaddeus Young,54,9,795,14.72,108,2,198,3.66,0.545,6,0.11,34,0.62,0.176,102,1.88,164,3.03,0.622,0.561,18,0.33,26,0.48,0.692,71,1.31,95,1.75,166,3.07,75,1.38,54,1,5,0.09,42,0.77,88,1.62,4.44,240
Cade Cunningham,12,12,400,33.33,93,7.75,224,18.66,0.415,17,1.41,61,5.08,0.279,76,6.33,163,13.58,0.466,0.453,36,3,43,3.58,0.837,12,1,62,5.16,74,6.16,72,6,10,0.83,7,0.58,39,3.25,34,2.83,19.91,239
Haywood Highsmith,54,11,969,17.94,93,1.72,216,4,0.431,37,0.68,109,2.01,0.339,56,1.03,107,1.98,0.523,0.516,13,0.24,28,0.51,0.464,57,1.05,131,2.42,188,3.48,43,0.79,36,0.66,17,0.31,45,0.83,82,1.51,4.37,236
Jaxson Hayes,47,2,610,12.97,86,1.82,156,3.31,0.551,3,0.06,29,0.61,0.103,83,1.76,127,2.7,0.654,0.561,58,1.23,83,1.76,0.699,39,0.82,93,1.97,132,2.8,34,0.72,20,0.42,19,0.4,31,0.65,67,1.42,4.95,233
George Hill,46,1,834,18.13,78,1.69,166,3.6,0.47,34,0.73,95,2.06,0.358,44,0.95,71,1.54,0.62,0.572,42,0.91,55,1.19,0.764,15,0.32,70,1.52,85,1.84,110,2.39,26,0.56,6,0.13,34,0.73,55,1.19,5.04,232
Dyson Daniels,59,11,1042,17.66,87,1.47,208,3.52,0.418,27,0.45,86,1.45,0.314,60,1.01,122,2.06,0.492,0.483,26,0.44,40,0.67,0.65,36,0.61,152,2.57,188,3.18,134,2.27,43,0.72,11,0.18,57,0.96,99,1.67,3.84,227
Day'Ron Sharpe,48,3,552,11.5,93,1.93,171,3.56,0.544,6,0.12,11,0.22,0.545,87,1.81,160,3.33,0.544,0.561,35,0.72,55,1.14,0.636,99,2.06,101,2.1,200,4.16,37,0.77,15,0.31,32,0.66,42,0.87,89,1.85,4.72,227
Daishen Nix,57,7,914,16.03,81,1.42,237,4.15,0.342,40,0.7,140,2.45,0.286,41,0.71,97,1.7,0.423,0.426,24,0.42,36,0.63,0.667,18,0.31,80,1.4,98,1.71,132,2.31,31,0.54,7,0.12,86,1.5,59,1.03,3.96,226
Usman Garuba,75,1,970,12.93,86,1.14,177,2.36,0.486,24,0.32,59,0.78,0.407,62,0.82,118,1.57,0.525,0.554,29,0.38,47,0.62,0.617,120,1.6,187,2.49,307,4.09,64,0.85,44,0.58,29,0.38,47,0.62,135,1.8,3,225
Darius Bazley,43,1,616,14.32,83,1.93,183,4.25,0.454,20,0.46,53,1.23,0.377,63,1.46,130,3.02,0.485,0.508,38,0.88,70,1.62,0.543,34,0.79,104,2.41,138,3.2,38,0.88,22,0.51,34,0.79,27,0.62,44,1.02,5.2,224
Miles McBride,64,2,760,11.87,77,1.2,215,3.35,0.358,40,0.62,134,2.09,0.299,37,0.57,81,1.26,0.457,0.451,28,0.43,42,0.65,0.667,13,0.2,37,0.57,50,0.78,72,1.12,37,0.57,8,0.12,25,0.39,60,0.93,3.46,222
Svi Mykhailiuk,32,8,468,14.62,77,2.4,173,5.4,0.445,42,1.31,99,3.09,0.424,35,1.09,74,2.31,0.473,0.566,26,0.81,39,1.21,0.667,15,0.46,38,1.18,53,1.65,53,1.65,15,0.46,4,0.12,24,0.75,23,0.71,6.93,222
Maxi Kleber,37,5,930,25.13,77,2.08,169,4.56,0.456,39,1.05,112,3.02,0.348,38,1.02,57,1.54,0.667,0.571,27,0.72,38,1.02,0.711,30,0.81,105,2.83,135,3.64,52,1.4,12,0.32,30,0.81,27,0.72,85,2.29,5.94,220
Jabari Walker,56,0,619,11.05,83,1.48,198,3.53,0.419,16,0.28,56,1,0.286,67,1.19,142,2.53,0.472,0.46,34,0.6,45,0.8,0.756,48,0.85,83,1.48,131,2.33,34,0.6,10,0.17,13,0.23,29,0.51,69,1.23,3.85,216
Lindy Waters III,41,0,531,12.95,70,1.7,178,4.34,0.393,58,1.41,162,3.95,0.358,12,0.29,16,0.39,0.75,0.556,16,0.39,20,0.48,0.8,16,0.39,59,1.43,75,1.82,28,0.68,14,0.34,11,0.26,10,0.24,42,1.02,5.21,214
Ziaire Williams,37,4,561,15.16,84,2.27,196,5.29,0.429,25,0.67,97,2.62,0.258,59,1.59,99,2.67,0.596,0.492,17,0.45,22,0.59,0.773,16,0.43,63,1.7,79,2.13,35,0.94,14,0.37,6,0.16,37,1,58,1.56,5.67,210
Dāvis Bertāns,45,1,492,10.93,69,1.53,160,3.55,0.431,55,1.22,141,3.13,0.39,14,0.31,19,0.42,0.737,0.603,13,0.28,15,0.33,0.867,10,0.22,43,0.95,53,1.17,21,0.46,11,0.24,8,0.17,10,0.22,53,1.17,4.57,206
Dean Wade,44,13,891,20.25,73,1.65,177,4.02,0.412,45,1.02,127,2.88,0.354,28,0.63,50,1.13,0.56,0.54,15,0.34,23,0.52,0.652,20,0.45,130,2.95,150,3.4,37,0.84,28,0.63,21,0.47,17,0.38,89,2.02,4.68,206
Justin Holiday,46,2,706,15.34,77,1.67,204,4.43,0.377,46,1,143,3.1,0.322,31,0.67,61,1.32,0.508,0.49,5,0.1,8,0.17,0.625,5,0.1,50,1.08,55,1.19,41,0.89,19,0.41,19,0.41,22,0.47,68,1.47,4.45,205
Charles Bassey,35,2,508,14.51,87,2.48,135,3.85,0.644,3,0.08,8,0.22,0.375,84,2.4,127,3.62,0.661,0.656,22,0.62,37,1.05,0.595,75,2.14,118,3.37,193,5.51,47,1.34,16,0.45,33,0.94,41,1.17,74,2.11,5.68,199
Dewayne Dedmon,38,1,426,11.21,77,2.02,151,3.97,0.51,12,0.31,39,1.02,0.308,65,1.71,112,2.94,0.58,0.55,33,0.86,49,1.28,0.673,34,0.89,100,2.63,134,3.52,26,0.68,9,0.23,19,0.5,25,0.65,75,1.97,5.23,199
DeAndre Jordan,39,8,586,15.02,88,2.25,115,2.94,0.765,1,0.02,1,0.02,1,87,2.23,114,2.92,0.763,0.77,22,0.56,48,1.23,0.458,52,1.33,150,3.84,202,5.17,34,0.87,12,0.3,23,0.58,48,1.23,71,1.82,5.1,199
Justise Winslow,29,11,776,26.75,81,2.79,198,6.82,0.409,14,0.48,45,1.55,0.311,67,2.31,153,5.27,0.438,0.444,20,0.68,28,0.96,0.714,49,1.68,96,3.31,145,5,98,3.37,30,1.03,11,0.37,43,1.48,89,3.06,6.75,196
Anthony Gill,59,8,624,10.57,71,1.2,132,2.23,0.538,4,0.06,29,0.49,0.138,67,1.13,103,1.74,0.65,0.553,49,0.83,67,1.13,0.731,37,0.62,62,1.05,99,1.67,34,0.57,7,0.11,12,0.2,15,0.25,70,1.18,3.3,195
Ousmane Dieng,39,1,569,14.58,76,1.94,181,4.64,0.42,26,0.66,98,2.51,0.265,50,1.28,83,2.12,0.602,0.492,15,0.38,23,0.58,0.652,19,0.48,86,2.2,105,2.69,46,1.17,14,0.35,7,0.17,26,0.66,42,1.07,4.94,193
Caleb Houstan,51,4,812,15.92,66,1.29,182,3.56,0.363,46,0.9,136,2.66,0.338,20,0.39,46,0.9,0.435,0.489,15,0.29,18,0.35,0.833,34,0.66,65,1.27,99,1.94,30,0.58,12,0.23,7,0.13,18,0.35,63,1.23,3.78,193
James Bouknight,34,0,515,15.14,69,2.02,193,5.67,0.358,33,0.97,109,3.2,0.303,36,1.05,84,2.47,0.429,0.443,20,0.58,30,0.88,0.667,8,0.23,64,1.88,72,2.11,41,1.2,14,0.41,5,0.14,32,0.94,49,1.44,5.61,191
Keon Johnson,40,0,416,10.4,67,1.67,178,4.45,0.376,28,0.7,81,2.02,0.346,39,0.97,97,2.42,0.402,0.455,27,0.67,41,1.02,0.659,11,0.27,33,0.82,44,1.1,59,1.47,19,0.47,6,0.15,43,1.07,43,1.07,4.72,189
JaVale McGee,42,7,355,8.45,80,1.9,125,2.97,0.64,2,0.04,5,0.11,0.4,78,1.85,120,2.85,0.65,0.648,24,0.57,41,0.97,0.585,30,0.71,77,1.83,107,2.54,11,0.26,4,0.09,26,0.61,36,0.85,54,1.28,4.42,186
Blake Wesley,37,1,669,18.08,69,1.86,215,5.81,0.321,20,0.54,52,1.4,0.385,49,1.32,163,4.4,0.301,0.367,26,0.7,44,1.18,0.591,11,0.29,70,1.89,81,2.18,99,2.67,25,0.67,5,0.13,65,1.75,67,1.81,4.97,184
Rodney McGruder,32,12,524,16.37,62,1.93,152,4.75,0.408,41,1.28,97,3.03,0.423,21,0.65,55,1.71,0.382,0.543,18,0.56,22,0.68,0.818,20,0.62,54,1.68,74,2.31,28,0.87,16,0.5,1,0.03,11,0.34,39,1.21,5.71,183
Christian Koloko,58,19,802,13.82,72,1.24,150,2.58,0.48,1,0.01,12,0.2,0.083,71,1.22,138,2.37,0.514,0.483,37,0.63,59,1.01,0.627,84,1.44,87,1.5,171,2.94,31,0.53,21,0.36,57,0.98,20,0.34,128,2.2,3.13,182
Luka Garza,28,0,243,8.67,63,2.25,116,4.14,0.543,14,0.5,39,1.39,0.359,49,1.75,77,2.75,0.636,0.603,41,1.46,52,1.85,0.788,33,1.17,30,1.07,63,2.25,18,0.64,3,0.1,2,0.07,14,0.5,43,1.53,6.46,181
Wesley Matthews,52,0,820,15.76,58,1.11,160,3.07,0.363,39,0.75,124,2.38,0.315,19,0.36,36,0.69,0.528,0.484,24,0.46,28,0.53,0.857,34,0.65,79,1.51,113,2.17,34,0.65,20,0.38,13,0.25,18,0.34,71,1.36,3.44,179
Jericho Sims,52,16,812,15.61,83,1.59,107,2.05,0.776,0,0,1,0.01,0,83,1.59,106,2.03,0.783,0.776,12,0.23,16,0.3,0.75,99,1.9,143,2.75,242,4.65,25,0.48,15,0.28,28,0.53,27,0.51,96,1.84,3.42,178
Stanley Johnson,30,0,469,15.63,65,2.16,122,4.06,0.533,18,0.6,40,1.33,0.45,47,1.56,82,2.73,0.573,0.607,26,0.86,39,1.3,0.667,22,0.73,73,2.43,95,3.16,67,2.23,16,0.53,6,0.2,33,1.1,48,1.6,5.8,174
Amir Coffey,50,9,625,12.5,56,1.12,145,2.9,0.386,11,0.22,40,0.8,0.275,45,0.9,105,2.1,0.429,0.424,49,0.98,63,1.26,0.778,17,0.34,36,0.72,53,1.06,53,1.06,7,0.14,5,0.1,21,0.42,50,1,3.44,172
Isaiah Roby,42,2,474,11.28,67,1.59,155,3.69,0.432,18,0.42,60,1.42,0.3,49,1.16,95,2.26,0.516,0.49,20,0.47,41,0.97,0.488,21,0.5,86,2.04,107,2.54,38,0.9,18,0.42,7,0.16,31,0.73,53,1.26,4.09,172
Ricky Rubio,33,2,566,17.15,61,1.84,178,5.39,0.343,21,0.63,82,2.48,0.256,40,1.21,96,2.9,0.417,0.402,28,0.84,35,1.06,0.8,9,0.27,61,1.84,70,2.12,115,3.48,26,0.78,6,0.18,31,0.93,51,1.54,5.18,171
Blake Griffin,41,16,569,13.87,63,1.53,130,3.17,0.485,23,0.56,66,1.6,0.348,40,0.97,64,1.56,0.625,0.573,21,0.51,32,0.78,0.656,47,1.14,108,2.63,155,3.78,61,1.48,14,0.34,9,0.21,22,0.53,75,1.82,4.14,170
Taj Gibson,49,2,480,9.79,65,1.32,125,2.55,0.52,8,0.16,24,0.48,0.333,57,1.16,101,2.06,0.564,0.552,30,0.61,42,0.85,0.714,32,0.65,61,1.24,93,1.89,34,0.69,15,0.3,12,0.24,26,0.53,84,1.71,3.42,168
Goga Bitadze,38,1,457,12.02,69,1.81,125,3.28,0.552,6,0.15,26,0.68,0.231,63,1.65,99,2.6,0.636,0.576,23,0.6,42,1.1,0.548,61,1.6,76,2,137,3.6,39,1.02,16,0.42,26,0.68,22,0.57,64,1.68,4.39,167
Julian Champagnie,17,3,320,18.82,59,3.47,130,7.64,0.454,33,1.94,82,4.82,0.402,26,1.52,48,2.82,0.542,0.581,14,0.82,17,1,0.824,10,0.58,50,2.94,60,3.52,10,0.58,6,0.35,5,0.29,11,0.64,26,1.52,9.7,165
Evan Fournier,27,7,459,17,56,2.07,166,6.14,0.337,35,1.29,114,4.22,0.307,21,0.77,52,1.92,0.404,0.443,18,0.66,21,0.77,0.857,4,0.14,45,1.66,49,1.81,36,1.33,16,0.59,3,0.11,22,0.81,46,1.7,6.11,165
Javonte Green,32,1,480,15,61,1.9,108,3.37,0.565,13,0.4,35,1.09,0.371,48,1.5,73,2.28,0.658,0.625,30,0.93,45,1.4,0.667,27,0.84,61,1.9,88,2.75,23,0.71,24,0.75,21,0.65,20,0.62,52,1.62,5.15,165
Johnny Davis,28,5,423,15.1,66,2.35,171,6.1,0.386,17,0.6,70,2.5,0.243,49,1.75,101,3.6,0.485,0.436,14,0.5,27,0.96,0.519,10,0.35,55,1.96,65,2.32,28,1,10,0.35,8,0.28,17,0.6,48,1.71,5.82,163
Jordan McLaughlin,43,0,678,15.76,61,1.41,145,3.37,0.421,24,0.55,78,1.81,0.308,37,0.86,67,1.55,0.552,0.503,15,0.34,18,0.41,0.833,15,0.34,47,1.09,62,1.44,148,3.44,32,0.74,4,0.09,33,0.76,28,0.65,3.74,161
Kai Jones,46,0,550,11.95,67,1.45,120,2.6,0.558,4,0.08,19,0.41,0.211,63,1.36,101,2.19,0.624,0.575,19,0.41,26,0.56,0.731,37,0.8,86,1.86,123,2.67,15,0.32,17,0.36,30,0.65,31,0.67,65,1.41,3.41,157
Raul Neto,48,1,505,10.52,57,1.18,110,2.29,0.518,12,0.25,42,0.87,0.286,45,0.93,68,1.41,0.662,0.573,31,0.64,34,0.7,0.912,10,0.2,36,0.75,46,0.95,79,1.64,17,0.35,4,0.08,24,0.5,49,1.02,3.27,157
Moses Brown,36,1,294,8.16,61,1.69,96,2.66,0.635,0,0,0,0,,61,1.69,96,2.66,0.635,0.635,33,0.91,72,2,0.458,57,1.58,82,2.27,139,3.86,4,0.11,4,0.11,14,0.38,15,0.41,39,1.08,4.3,155
Admiral Schofield,37,0,451,12.18,55,1.48,122,3.29,0.451,24,0.64,74,2,0.324,31,0.83,48,1.29,0.646,0.549,21,0.56,23,0.62,0.913,23,0.62,39,1.05,62,1.67,31,0.83,8,0.21,5,0.13,16,0.43,61,1.64,4.18,155
Juan Toscano-Anderson,52,9,700,13.46,64,1.23,143,2.75,0.448,8,0.15,43,0.82,0.186,56,1.07,100,1.92,0.56,0.476,19,0.36,24,0.46,0.792,28,0.53,96,1.84,124,2.38,65,1.25,16,0.3,10,0.19,34,0.65,80,1.53,2.98,155
A.J. Green,35,1,345,9.85,53,1.51,125,3.57,0.424,44,1.25,105,3,0.419,9,0.25,20,0.57,0.45,0.6,4,0.11,4,0.11,1,6,0.17,39,1.11,45,1.28,22,0.62,6,0.17,0,0,9,0.25,31,0.88,4.4,154
Bruno Fernando,39,4,405,10.38,59,1.51,112,2.87,0.527,0,0,4,0.1,0,59,1.51,108,2.76,0.546,0.527,35,0.89,50,1.28,0.7,54,1.38,83,2.12,137,3.51,31,0.79,6,0.15,34,0.87,25,0.64,74,1.89,3.92,153
Derrick Rose,27,0,338,12.51,61,2.25,159,5.88,0.384,19,0.7,63,2.33,0.302,42,1.55,96,3.55,0.438,0.443,11,0.4,12,0.44,0.917,8,0.29,32,1.18,40,1.48,46,1.7,7,0.25,5,0.18,22,0.81,18,0.66,5.62,152
Saben Lee,25,1,373,14.92,49,1.96,121,4.84,0.405,11,0.44,30,1.2,0.367,38,1.52,91,3.64,0.418,0.45,42,1.68,57,2.28,0.737,13,0.52,32,1.28,45,1.8,67,2.68,19,0.76,1,0.04,24,0.96,32,1.28,6.04,151
TyTy Washington Jr.,31,2,433,13.96,58,1.87,160,5.16,0.363,19,0.61,80,2.58,0.238,39,1.25,80,2.58,0.488,0.422,10,0.32,18,0.58,0.556,2,0.06,43,1.38,45,1.45,47,1.51,15,0.48,2,0.06,14,0.45,29,0.93,4.67,145
Brandon Boston Jr.,22,1,248,11.27,51,2.31,122,5.54,0.418,12,0.54,29,1.31,0.414,39,1.77,93,4.22,0.419,0.467,29,1.31,38,1.72,0.763,7,0.31,23,1.04,30,1.36,20,0.9,9,0.4,0,0,12,0.54,21,0.95,6.5,143
Dalano Banton,31,2,279,9,55,1.77,130,4.19,0.423,15,0.48,51,1.64,0.294,40,1.29,79,2.54,0.506,0.481,17,0.54,24,0.77,0.708,11,0.35,34,1.09,45,1.45,36,1.16,13,0.41,13,0.41,18,0.58,34,1.09,4.58,142
Damian Jones,41,1,477,11.63,55,1.34,86,2.09,0.64,10,0.24,17,0.41,0.588,45,1.09,69,1.68,0.652,0.698,22,0.53,29,0.7,0.759,42,1.02,80,1.95,122,2.97,15,0.36,8,0.19,21,0.51,23,0.56,55,1.34,3.46,142
Kevon Harris,34,0,457,13.44,47,1.38,107,3.14,0.439,16,0.47,43,1.26,0.372,31,0.91,64,1.88,0.484,0.514,31,0.91,41,1.2,0.756,28,0.82,42,1.23,70,2.05,16,0.47,17,0.5,5,0.14,21,0.61,53,1.55,4.14,141
Furkan Korkmaz,37,0,353,9.54,48,1.29,111,3,0.432,18,0.48,46,1.24,0.391,30,0.81,65,1.75,0.462,0.514,26,0.7,36,0.97,0.722,6,0.16,36,0.97,42,1.13,22,0.59,10,0.27,3,0.08,24,0.64,18,0.48,3.78,140
Nathan Knight,38,0,291,7.65,46,1.21,81,2.13,0.568,8,0.21,22,0.57,0.364,38,1,59,1.55,0.644,0.617,39,1.02,57,1.5,0.684,22,0.57,34,0.89,56,1.47,13,0.34,10,0.26,6,0.15,21,0.55,41,1.07,3.65,139
Frank Ntilikina,47,5,607,12.91,48,1.02,132,2.8,0.364,17,0.36,67,1.42,0.254,31,0.65,65,1.38,0.477,0.428,22,0.46,33,0.7,0.667,7,0.14,55,1.17,62,1.31,58,1.23,16,0.34,7,0.14,29,0.61,65,1.38,2.87,135
Markieff Morris,35,2,355,10.14,47,1.34,115,3.28,0.409,28,0.8,71,2.02,0.394,19,0.54,44,1.25,0.432,0.53,10,0.28,10,0.28,1,13,0.37,58,1.65,71,2.02,31,0.88,9,0.25,5,0.14,18,0.51,48,1.37,3.77,132
Richaun Holmes,42,1,348,8.28,55,1.3,89,2.11,0.618,5,0.11,8,0.19,0.625,50,1.19,81,1.92,0.617,0.646,15,0.35,19,0.45,0.789,29,0.69,51,1.21,80,1.9,9,0.21,3,0.07,11,0.26,14,0.33,50,1.19,3.09,130
Max Christie,41,3,512,12.48,44,1.07,106,2.58,0.415,26,0.63,62,1.51,0.419,18,0.43,44,1.07,0.409,0.538,14,0.34,16,0.39,0.875,7,0.17,68,1.65,75,1.82,21,0.51,9,0.21,7,0.17,13,0.31,33,0.8,3.12,128
Chuma Okeke,27,8,518,19.18,43,1.59,122,4.51,0.352,26,0.96,86,3.18,0.302,17,0.62,36,1.33,0.472,0.459,16,0.59,21,0.77,0.762,26,0.96,70,2.59,96,3.55,37,1.37,19,0.7,11,0.4,17,0.62,40,1.48,4.74,128
Udoka Azubuike,36,4,359,9.97,59,1.63,72,2,0.819,0,0,0,0,,59,1.63,72,2,0.819,0.819,7,0.19,20,0.55,0.35,31,0.86,88,2.44,119,3.3,11,0.3,6,0.16,15,0.41,18,0.5,34,0.94,3.47,125
Jae Crowder,18,3,340,18.88,45,2.5,94,5.22,0.479,24,1.33,55,3.05,0.436,21,1.16,39,2.16,0.538,0.606,10,0.55,12,0.66,0.833,17,0.94,52,2.88,69,3.83,27,1.5,12,0.66,6,0.33,7,0.38,27,1.5,6.88,124
Patrick Baldwin Jr.,31,0,226,7.29,43,1.38,109,3.51,0.394,32,1.03,84,2.7,0.381,11,0.35,25,0.8,0.44,0.541,4,0.12,6,0.19,0.667,1,0.03,39,1.25,40,1.29,11,0.35,6,0.19,4,0.12,11,0.35,14,0.45,3.93,122
Juancho Hernangómez,42,10,614,14.61,48,1.14,114,2.71,0.421,17,0.4,67,1.59,0.254,31,0.73,47,1.11,0.66,0.496,9,0.21,16,0.38,0.563,27,0.64,96,2.28,123,2.92,25,0.59,16,0.38,6,0.14,15,0.35,43,1.02,2.9,122
Matt Ryan,34,0,310,9.11,40,1.17,108,3.17,0.37,32,0.94,84,2.47,0.381,8,0.23,24,0.7,0.333,0.519,10,0.29,12,0.35,0.833,4,0.11,22,0.64,26,0.76,16,0.47,5,0.14,1,0.02,7,0.2,27,0.79,3.58,122
Gorgui Dieng,31,1,358,11.54,45,1.45,117,3.77,0.385,21,0.67,75,2.41,0.28,24,0.77,42,1.35,0.571,0.474,10,0.32,13,0.41,0.769,27,0.87,80,2.58,107,3.45,53,1.7,4,0.12,14,0.45,32,1.03,57,1.83,3.9,121
Kenneth Lofton Jr.,24,1,176,7.33,49,2.04,93,3.87,0.527,6,0.25,17,0.7,0.353,43,1.79,76,3.16,0.566,0.559,16,0.66,27,1.12,0.593,19,0.79,32,1.33,51,2.12,20,0.83,5,0.2,2,0.08,12,0.5,28,1.16,5,120
Orlando Robinson,31,1,425,13.7,47,1.51,89,2.87,0.528,0,0,6,0.19,0,47,1.51,83,2.67,0.566,0.528,22,0.7,31,1,0.71,48,1.54,78,2.51,126,4.06,25,0.8,12,0.38,12,0.38,16,0.51,53,1.7,3.74,116
Kira Lewis Jr.,25,0,235,9.4,40,1.6,88,3.52,0.455,15,0.6,34,1.36,0.441,25,1,54,2.16,0.463,0.54,19,0.76,22,0.88,0.864,5,0.2,28,1.12,33,1.32,23,0.92,10,0.4,2,0.08,10,0.4,24,0.96,4.56,114
McKinley Wright IV,27,1,335,12.4,46,1.7,98,3.62,0.469,9,0.33,28,1.03,0.321,37,1.37,70,2.59,0.529,0.515,13,0.48,19,0.7,0.684,9,0.33,38,1.4,47,1.74,58,2.14,8,0.29,5,0.18,19,0.7,24,0.88,4.22,114
Robin Lopez,37,2,299,8.08,48,1.29,75,2.02,0.64,2,0.05,4,0.1,0.5,46,1.24,71,1.91,0.648,0.653,14,0.37,18,0.48,0.778,23,0.62,28,0.75,51,1.37,19,0.51,2,0.05,8,0.21,25,0.67,43,1.16,3.02,112
Dominick Barlow,28,0,408,14.57,46,1.64,86,3.07,0.535,0,0,4,0.14,0,46,1.64,82,2.92,0.561,0.535,18,0.64,25,0.89,0.72,46,1.64,56,2,102,3.64,24,0.85,10,0.35,19,0.67,15,0.53,56,2,3.92,110
Ish Smith,43,0,398,9.25,52,1.2,131,3.04,0.397,2,0.04,12,0.27,0.167,50,1.16,119,2.76,0.42,0.405,2,0.04,4,0.09,0.5,5,0.11,49,1.13,54,1.25,100,2.32,8,0.18,7,0.16,44,1.02,33,0.76,2.51,108
Jake LaRavia,35,0,414,11.82,37,1.05,95,2.71,0.389,24,0.68,71,2.02,0.338,13,0.37,24,0.68,0.542,0.516,7,0.2,9,0.25,0.778,19,0.54,44,1.25,63,1.8,21,0.6,12,0.34,4,0.11,18,0.51,49,1.4,3,105
Boban Marjanović,31,0,171,5.51,41,1.32,60,1.93,0.683,0,0,1,0.03,0,41,1.32,59,1.9,0.695,0.683,20,0.64,27,0.87,0.741,20,0.64,40,1.29,60,1.93,9,0.29,5,0.16,2,0.06,14,0.45,10,0.32,3.29,102
Gary Payton II,22,1,367,16.68,41,1.86,69,3.13,0.594,13,0.59,26,1.18,0.5,28,1.27,43,1.95,0.651,0.688,6,0.27,7,0.31,0.857,24,1.09,45,2.04,69,3.13,30,1.36,22,1,5,0.22,16,0.72,43,1.95,4.59,101
Kessler Edwards,36,4,385,10.69,36,1,93,2.58,0.387,17,0.47,55,1.52,0.309,19,0.52,38,1.05,0.5,0.478,11,0.3,15,0.41,0.733,23,0.63,38,1.05,61,1.69,23,0.63,14,0.38,6,0.16,13,0.36,40,1.11,2.77,100
Jamal Cain,18,0,240,13.33,37,2.05,66,3.66,0.561,7,0.38,20,1.11,0.35,30,1.66,46,2.55,0.652,0.614,17,0.94,22,1.22,0.773,15,0.83,37,2.05,52,2.88,12,0.66,11,0.61,1,0.05,6,0.33,21,1.16,5.44,98
Cody Zeller,15,2,217,14.46,37,2.46,59,3.93,0.627,0,0,2,0.13,0,37,2.46,57,3.8,0.649,0.627,24,1.6,35,2.33,0.686,25,1.66,39,2.6,64,4.26,10,0.66,3,0.2,4,0.26,14,0.93,33,2.2,6.53,98
Theo Pinson,40,1,323,8.07,31,0.77,87,2.17,0.356,22,0.55,62,1.55,0.355,9,0.22,25,0.62,0.36,0.483,11,0.27,13,0.32,0.846,10,0.25,53,1.32,63,1.57,46,1.15,6,0.15,1,0.02,12,0.3,34,0.85,2.37,95
Skylar Mays,6,6,189,31.5,34,5.66,68,11.33,0.5,12,2,26,4.33,0.462,22,3.66,42,7,0.524,0.588,12,2,13,2.16,0.923,2,0.33,17,2.83,19,3.16,50,8.33,6,1,1,0.16,10,1.66,11,1.83,15.33,92
Bryn Forbes,25,0,268,10.72,30,1.2,83,3.32,0.361,14,0.56,46,1.84,0.304,16,0.64,37,1.48,0.432,0.446,15,0.6,15,0.6,1,4,0.16,11,0.44,15,0.6,17,0.68,7,0.28,2,0.08,12,0.48,22,0.88,3.56,89
Frank Kaminsky,36,0,235,6.52,31,0.86,63,1.75,0.492,13,0.36,33,0.91,0.394,18,0.5,30,0.83,0.6,0.595,14,0.38,16,0.44,0.875,7,0.19,45,1.25,52,1.44,32,0.88,6,0.16,4,0.11,9,0.25,22,0.61,2.47,89
Davon Reed,43,1,342,7.95,28,0.65,84,1.95,0.333,17,0.39,46,1.06,0.37,11,0.25,38,0.88,0.289,0.435,16,0.37,24,0.55,0.667,10,0.23,49,1.13,59,1.37,23,0.53,15,0.34,4,0.09,20,0.46,39,0.9,2.06,89
Terry Taylor,31,2,264,8.51,39,1.25,75,2.41,0.52,5,0.16,19,0.61,0.263,34,1.09,56,1.8,0.607,0.553,6,0.19,11,0.35,0.545,27,0.87,20,0.64,47,1.51,10,0.32,3,0.09,6,0.19,9,0.29,26,0.83,2.87,89
Johnny Juzang,18,0,232,12.88,35,1.94,104,5.77,0.337,15,0.83,63,3.5,0.238,20,1.11,41,2.27,0.488,0.409,2,0.11,4,0.22,0.5,8,0.44,31,1.72,39,2.16,8,0.44,4,0.22,3,0.16,3,0.16,13,0.72,4.83,87
David Duke Jr.,23,0,228,9.91,36,1.56,78,3.39,0.462,1,0.04,12,0.52,0.083,35,1.52,66,2.86,0.53,0.468,12,0.52,17,0.73,0.706,11,0.47,18,0.78,29,1.26,21,0.91,10,0.43,1,0.04,18,0.78,31,1.34,3.69,85
Dalen Terry,38,0,214,5.63,32,0.84,72,1.89,0.444,7,0.18,27,0.71,0.259,25,0.65,45,1.18,0.556,0.493,14,0.36,21,0.55,0.667,12,0.31,25,0.65,37,0.97,22,0.57,11,0.28,5,0.13,8,0.21,24,0.63,2.23,85
Nikola Jović,15,8,204,13.6,28,1.86,69,4.6,0.406,8,0.53,35,2.33,0.229,20,1.33,34,2.26,0.588,0.464,18,1.2,19,1.26,0.947,9,0.6,22,1.46,31,2.06,10,0.66,7,0.46,2,0.13,10,0.66,19,1.26,5.46,82
Kennedy Chandler,36,0,281,7.8,35,0.97,83,2.3,0.422,2,0.05,15,0.41,0.133,33,0.91,68,1.88,0.485,0.434,6,0.16,13,0.36,0.462,9,0.25,29,0.8,38,1.05,58,1.61,12,0.33,5,0.13,18,0.5,15,0.41,2.16,78
Peyton Watson,23,2,186,8.08,29,1.26,59,2.56,0.492,6,0.26,14,0.6,0.429,23,1,45,1.95,0.511,0.542,11,0.47,20,0.86,0.55,8,0.34,29,1.26,37,1.6,11,0.47,2,0.08,11,0.47,8,0.34,14,0.6,3.26,75
Kemba Walker,9,1,144,16,24,2.66,57,6.33,0.421,7,0.77,28,3.11,0.25,17,1.88,29,3.22,0.586,0.482,17,1.88,21,2.33,0.81,3,0.33,13,1.44,16,1.77,19,2.11,2,0.22,2,0.22,4,0.44,11,1.22,8,72
Luka Šamanić,7,4,161,23,26,3.71,57,8.14,0.456,8,1.14,31,4.42,0.258,18,2.57,26,3.71,0.692,0.526,9,1.28,13,1.85,0.692,0,0,30,4.28,30,4.28,15,2.14,6,0.85,2,0.28,10,1.42,17,2.42,9.85,69
Serge Ibaka,16,0,185,11.56,26,1.62,54,3.37,0.481,6,0.37,18,1.12,0.333,20,1.25,36,2.25,0.556,0.537,8,0.5,13,0.81,0.615,15,0.93,29,1.81,44,2.75,4,0.25,2,0.12,7,0.43,11,0.68,23,1.43,4.12,66
Jeff Dowtin,25,0,259,10.36,25,1,57,2.28,0.439,5,0.2,16,0.64,0.313,20,0.8,41,1.64,0.488,0.482,6,0.24,9,0.36,0.667,6,0.24,17,0.68,23,0.92,31,1.24,9,0.36,3,0.12,5,0.2,13,0.52,2.44,61
Danny Green,11,0,138,12.54,22,2,49,4.45,0.449,16,1.45,37,3.36,0.432,6,0.54,12,1.09,0.5,0.612,1,0.09,1,0.09,1,3,0.27,11,1,14,1.27,6,0.54,6,0.54,3,0.27,10,0.9,16,1.45,5.54,61
Moussa Diabaté,22,1,195,8.86,24,1.09,47,2.13,0.511,1,0.04,2,0.09,0.5,23,1.04,45,2.04,0.511,0.521,10,0.45,16,0.72,0.625,31,1.4,19,0.86,50,2.27,4,0.18,7,0.31,8,0.36,9,0.4,15,0.68,2.68,59
Mamadi Diakite,22,2,176,8,24,1.09,50,2.27,0.48,7,0.31,21,0.95,0.333,17,0.77,29,1.31,0.586,0.55,2,0.09,2,0.09,1,8,0.36,22,1,30,1.36,8,0.36,4,0.18,9,0.4,12,0.54,26,1.18,2.59,57
Quenton Jackson,9,0,135,15,19,2.11,42,4.66,0.452,1,0.11,12,1.33,0.083,18,2,30,3.33,0.6,0.464,17,1.88,22,2.44,0.773,2,0.22,6,0.66,8,0.88,15,1.66,4,0.44,1,0.11,4,0.44,10,1.11,6.22,56
A.J. Lawson,15,0,108,7.2,22,1.46,44,2.93,0.5,10,0.66,25,1.66,0.4,12,0.8,19,1.26,0.632,0.614,2,0.13,8,0.53,0.25,6,0.4,15,1,21,1.4,2,0.13,2,0.13,0,0,3,0.2,11,0.73,3.73,56
Jonathan Isaac,11,0,124,11.27,22,2,53,4.81,0.415,6,0.54,15,1.36,0.4,16,1.45,38,3.45,0.421,0.472,5,0.45,9,0.81,0.556,15,1.36,29,2.63,44,4,6,0.54,14,1.27,4,0.36,4,0.36,5,0.45,5,55
Jeenathan Williams,5,4,127,25.4,24,4.8,39,7.8,0.615,3,0.6,8,1.6,0.375,21,4.2,31,6.2,0.677,0.654,2,0.4,3,0.6,0.667,10,2,5,1,15,3,10,2,3,0.6,2,0.4,4,0.8,13,2.6,10.6,53
Trent Forrest,23,3,277,12.04,25,1.08,60,2.6,0.417,0,0,2,0.08,0,25,1.08,58,2.52,0.431,0.417,2,0.08,3,0.13,0.667,5,0.21,32,1.39,37,1.6,38,1.65,7,0.3,2,0.08,15,0.65,17,0.73,2.26,52
Thanasis Antetokounmpo,37,0,206,5.56,20,0.54,46,1.24,0.435,0,0,8,0.21,0,20,0.54,38,1.02,0.526,0.435,11,0.29,22,0.59,0.5,15,0.4,29,0.78,44,1.18,15,0.4,3,0.08,3,0.08,12,0.32,22,0.59,1.37,51
Jay Huff,7,0,95,13.57,15,2.14,25,3.57,0.6,6,0.85,12,1.71,0.5,9,1.28,13,1.85,0.692,0.72,15,2.14,16,2.28,0.938,6,0.85,15,2.14,21,3,10,1.42,3,0.42,4,0.57,5,0.71,15,2.14,7.28,51
James Johnson,18,1,162,9,22,1.22,49,2.72,0.449,3,0.16,15,0.83,0.2,19,1.05,34,1.88,0.559,0.48,4,0.22,8,0.44,0.5,4,0.22,26,1.44,30,1.66,15,0.83,7,0.38,6,0.33,8,0.44,32,1.77,2.83,51
Garrett Temple,25,0,162,6.48,18,0.72,45,1.8,0.4,11,0.44,26,1.04,0.423,7,0.28,19,0.76,0.368,0.522,3,0.12,4,0.16,0.75,5,0.2,12,0.48,17,0.68,13,0.52,9,0.36,2,0.08,4,0.16,15,0.6,2,50
Lindell Wigginton,7,1,87,12.42,18,2.57,37,5.28,0.486,6,0.85,18,2.57,0.333,12,1.71,19,2.71,0.632,0.568,8,1.14,9,1.28,0.889,0,0,7,1,7,1,14,2,0,0,2,0.28,12,1.71,7,1,7.14,50
Daniel Theis,7,1,109,15.57,21,3,44,6.28,0.477,2,0.28,11,1.57,0.182,19,2.71,33,4.71,0.576,0.5,5,0.71,12,1.71,0.417,7,1,15,2.14,22,3.14,9,1.28,2,0.28,6,0.85,3,0.42,7,1,7,49
Matthew Dellavedova,32,0,213,6.65,17,0.53,50,1.56,0.34,9,0.28,27,0.84,0.333,8,0.25,23,0.71,0.348,0.43,4,0.12,7,0.21,0.571,1,0.03,12,0.37,13,0.4,41,1.28,7,0.21,0,0,10,0.31,20,0.62,1.46,47
Josh Minott,15,0,96,6.4,18,1.2,36,2.4,0.5,2,0.13,6,0.4,0.333,16,1.06,30,2,0.533,0.528,8,0.53,8,0.53,1,5,0.33,20,1.33,25,1.66,5,0.33,4,0.26,6,0.4,3,0.2,10,0.66,3.06,46
KZ Okpala,35,3,248,7.08,16,0.45,38,1.08,0.421,7,0.2,21,0.6,0.333,9,0.25,17,0.48,0.529,0.513,7,0.2,8,0.22,0.875,7,0.2,27,0.77,34,0.97,13,0.37,7,0.2,7,0.2,7,0.2,39,1.11,1.31,46
John Butler,19,1,221,11.63,17,0.89,53,2.78,0.321,8,0.42,35,1.84,0.229,9,0.47,18,0.94,0.5,0.396,3,0.15,4,0.21,0.75,3,0.15,14,0.73,17,0.89,11,0.57,7,0.36,9,0.47,1,0.05,22,1.15,2.36,45
Jared Rhoden,14,0,198,14.14,17,1.21,44,3.14,0.386,5,0.35,20,1.42,0.25,12,0.85,24,1.71,0.5,0.443,6,0.42,6,0.42,1,11,0.78,26,1.85,37,2.64,4,0.28,4,0.28,1,0.07,3,0.21,23,1.64,3.21,45
Jarrett Culver,10,1,137,13.7,17,1.7,43,4.3,0.395,1,0.1,12,1.2,0.083,16,1.6,31,3.1,0.516,0.407,9,0.9,13,1.3,0.692,10,1,28,2.8,38,3.8,6,0.6,6,0.6,2,0.2,7,0.7,14,1.4,4.4,44
Shaquille Harrison,5,0,120,24,15,3,36,7.2,0.417,3,0.6,10,2,0.3,12,2.4,26,5.2,0.462,0.458,11,2.2,15,3,0.733,1,0.2,21,4.2,22,4.4,30,6,11,2.2,2,0.4,6,1.2,12,2.4,8.8,44
Otto Porter Jr.,8,2,146,18.25,15,1.87,30,3.75,0.5,6,0.75,17,2.12,0.353,9,1.12,13,1.62,0.692,0.6,8,1,8,1,1,6,0.75,13,1.62,19,2.37,8,1,11,1.37,0,0,4,0.5,7,0.87,5.5,44
Dru Smith,15,1,158,10.53,18,1.2,45,3,0.4,5,0.33,19,1.26,0.263,13,0.86,26,1.73,0.5,0.456,3,0.2,3,0.2,1,2,0.13,22,1.46,24,1.6,22,1.46,10,0.66,4,0.26,3,0.2,23,1.53,2.93,44
Khem Birch,20,0,162,8.1,19,0.95,32,1.6,0.594,1,0.05,2,0.1,0.5,18,0.9,30,1.5,0.6,0.609,4,0.2,5,0.25,0.8,8,0.4,17,0.85,25,1.25,7,0.35,5,0.25,5,0.25,8,0.4,24,1.2,2.15,43
Alex Len,26,2,161,6.19,16,0.61,30,1.15,0.533,0,0,2,0.07,0,16,0.61,28,1.07,0.571,0.533,11,0.42,16,0.61,0.688,24,0.92,36,1.38,60,2.3,12,0.46,4,0.15,11,0.42,16,0.61,28,1.07,1.65,43
Meyers Leonard,9,2,114,12.66,14,1.55,29,3.22,0.483,7,0.77,18,2,0.389,7,0.77,11,1.22,0.636,0.603,8,0.88,9,1,0.889,12,1.33,22,2.44,34,3.77,1,0.11,2,0.22,0,0,6,0.66,16,1.77,4.77,43
Wendell Moore Jr.,29,2,153,5.27,18,0.62,43,1.48,0.419,2,0.06,17,0.58,0.118,16,0.55,26,0.89,0.615,0.442,4,0.13,5,0.17,0.8,4,0.13,14,0.48,18,0.62,18,0.62,8,0.27,5,0.17,8,0.27,13,0.44,1.44,42
Jaden Springer,16,2,89,5.56,17,1.06,35,2.18,0.486,2,0.12,5,0.31,0.4,15,0.93,30,1.87,0.5,0.514,6,0.37,8,0.5,0.75,6,0.37,8,0.5,14,0.87,8,0.5,7,0.43,3,0.18,3,0.18,15,0.93,2.62,42
Jason Preston,14,0,124,8.85,18,1.28,41,2.92,0.439,5,0.35,18,1.28,0.278,13,0.92,23,1.64,0.565,0.5,0,0,2,0.14,0,2,0.14,20,1.42,22,1.57,27,1.92,2,0.14,0,0,10,0.71,7,0.5,2.92,41
Omer Yurtseven,9,0,83,9.22,16,1.77,27,3,0.593,3,0.33,7,0.77,0.429,13,1.44,20,2.22,0.65,0.648,5,0.55,6,0.66,0.833,8,0.88,15,1.66,23,2.55,2,0.22,2,0.22,2,0.22,4,0.44,16,1.77,4.44,40
Xavier Cooks,10,1,126,12.6,17,1.7,28,2.8,0.607,0,0,1,0.1,0,17,1.7,27,2.7,0.63,0.607,4,0.4,10,1,0.4,16,1.6,22,2.2,38,3.8,6,0.6,6,0.6,4,0.4,8,0.8,13,1.3,3.8,38
Jared Butler,6,1,77,12.83,15,2.5,32,5.33,0.469,7,1.16,14,2.33,0.5,8,1.33,18,3,0.444,0.578,0,0,0,0,,1,0.16,3,0.5,4,0.66,8,1.33,5,0.83,0,0,5,0.83,5,0.83,6.16,37
Vit Krejci,29,0,165,5.68,15,0.51,37,1.27,0.405,5,0.17,21,0.72,0.238,10,0.34,16,0.55,0.625,0.473,1,0.03,2,0.06,0.5,6,0.2,20,0.68,26,0.89,17,0.58,5,0.17,1,0.03,5,0.17,17,0.58,1.24,36
Olivier Sarr,9,1,114,12.66,15,1.66,30,3.33,0.5,1,0.11,8,0.88,0.125,14,1.55,22,2.44,0.636,0.517,5,0.55,7,0.77,0.714,12,1.33,19,2.11,31,3.44,4,0.44,1,0.11,5,0.55,4,0.44,17,1.88,4,36
Cody Martin,7,0,134,19.14,14,2,36,5.14,0.389,3,0.42,14,2,0.214,11,1.57,22,3.14,0.5,0.431,4,0.57,7,1,0.571,8,1.14,16,2.28,24,3.42,11,1.57,4,0.57,1,0.14,2,0.28,13,1.85,5,35
Nerlens Noel,17,4,195,11.47,13,0.76,36,2.11,0.361,1,0.05,2,0.11,0.5,12,0.7,34,2,0.353,0.375,8,0.47,12,0.7,0.667,10,0.58,36,2.11,46,2.7,10,0.58,16,0.94,10,0.58,13,0.76,32,1.88,2.05,35
Isaiah Mobley,12,0,84,7,12,1,28,2.33,0.429,3,0.25,8,0.66,0.375,9,0.75,20,1.66,0.45,0.482,4,0.33,4,0.33,1,4,0.33,16,1.33,20,1.66,3,0.25,4,0.33,3,0.25,1,0.08,8,0.66,2.58,31
Vince Williams Jr.,15,1,105,7,12,0.8,40,2.66,0.3,4,0.26,28,1.86,0.143,8,0.53,12,0.8,0.667,0.35,2,0.13,2,0.13,1,4,0.26,11,0.73,15,1,4,0.26,6,0.4,2,0.13,5,0.33,12,0.8,2,30
Greg Brown III,16,0,93,5.81,11,0.68,28,1.75,0.393,1,0.06,7,0.43,0.143,10,0.62,21,1.31,0.476,0.411,5,0.31,12,0.75,0.417,2,0.12,17,1.06,19,1.18,3,0.18,4,0.25,5,0.31,6,0.37,13,0.81,1.75,28
Jordan Hall,9,0,83,9.22,9,1,28,3.11,0.321,3,0.33,15,1.66,0.2,6,0.66,13,1.44,0.462,0.375,7,0.77,9,1,0.778,3,0.33,9,1,12,1.33,11,1.22,1,0.11,0,0,7,0.77,6,0.66,3.11,28
Joshua Primo,4,0,93,23.25,9,2.25,26,6.5,0.346,3,0.75,12,3,0.25,6,1.5,14,3.5,0.429,0.404,7,1.75,9,2.25,0.778,2,0.5,11,2.75,13,3.25,18,4.5,1,0.25,2,0.5,11,2.75,8,2,7,28
Udonis Haslem,7,1,71,10.14,10,1.42,29,4.14,0.345,3,0.42,9,1.28,0.333,7,1,20,2.85,0.35,0.397,4,0.57,5,0.71,0.8,4,0.57,7,1,11,1.57,0,0,1,0.14,2,0.28,1,0.14,11,1.57,3.85,27
Ryan Arcidiacono,20,4,172,8.6,9,0.45,37,1.85,0.243,8,0.4,23,1.15,0.348,1,0.05,14,0.7,0.071,0.351,0,0,0,0,,0,0,15,0.75,15,0.75,23,1.15,5,0.25,0,0,7,0.35,17,0.85,1.3,26
Mac McClung,2,0,41,20.5,9,4.5,20,10,0.45,4,2,11,5.5,0.364,5,2.5,9,4.5,0.556,0.55,3,1.5,5,2.5,0.6,3,1.5,7,3.5,10,5,9,4.5,0,0,0,0,3,1.5,3,1.5,12.5,25
Sam Merrill,5,0,59,11.8,9,1.8,22,4.4,0.409,5,1,18,3.6,0.278,4,0.8,4,0.8,1,0.523,2,0.4,2,0.4,1,0,0,9,1.8,9,1.8,5,1,4,0.8,0,0,0,0,3,0.6,5,25
Noah Vonleh,23,1,171,7.43,11,0.47,24,1.04,0.458,1,0.04,4,0.17,0.25,10,0.43,20,0.86,0.5,0.479,2,0.08,2,0.08,1,18,0.78,30,1.3,48,2.08,7,0.3,2,0.08,8,0.34,11,0.47,35,1.52,1.08,25
Keon Ellis,16,0,71,4.43,7,0.43,16,1,0.438,6,0.37,12,0.75,0.5,1,0.06,4,0.25,0.25,0.625,4,0.25,7,0.43,0.571,4,0.25,4,0.25,8,0.5,6,0.37,5,0.31,1,0.06,1,0.06,10,0.62,1.5,24
Micah Potter,7,0,52,7.42,10,1.42,15,2.14,0.667,4,0.57,7,1,0.571,6,0.85,8,1.14,0.75,0.8,0,0,0,0,,3,0.42,13,1.85,16,2.28,4,0.57,1,0.14,0,0,2,0.28,5,0.71,3.42,24
Gabe York,3,0,56,18.66,8,2.66,21,7,0.381,6,2,18,6,0.333,2,0.66,3,1,0.667,0.524,2,0.66,2,0.66,1,0,0,6,2,6,2,5,1.66,2,0.66,0,0,0,0,5,1.66,8,24
Ryan Rollins,12,0,62,5.16,7,0.58,20,1.66,0.35,3,0.25,9,0.75,0.333,4,0.33,11,0.91,0.364,0.425,6,0.5,6,0.5,1,3,0.25,9,0.75,12,1,6,0.5,1,0.08,1,0.08,16,1.33,10,0.83,1.91,23
Jarrell Brantley,4,0,39,9.75,8,2,14,3.5,0.571,4,1,9,2.25,0.444,4,1,5,1.25,0.8,0.714,2,0.5,2,0.5,1,1,0.25,5,1.25,6,1.5,3,0.75,0,0,2,0.5,2,0.5,3,0.75,5.5,22
PJ Dozier,16,0,79,4.93,10,0.62,33,2.06,0.303,2,0.12,16,1,0.125,8,0.5,17,1.06,0.471,0.333,0,0,0,0,,1,0.06,13,0.81,14,0.87,10,0.62,6,0.37,1,0.06,5,0.31,7,0.43,1.37,22
Tyrese Martin,16,0,66,4.12,9,0.56,23,1.43,0.391,1,0.06,7,0.43,0.143,8,0.5,16,1,0.5,0.413,2,0.12,2,0.12,1,5,0.31,7,0.43,12,0.75,2,0.12,1,0.06,0,0,2,0.12,2,0.12,1.31,21
Trevelin Queen,7,0,70,10,7,1,29,4.14,0.241,2,0.28,15,2.14,0.133,5,0.71,14,2,0.357,0.276,5,0.71,5,0.71,1,8,1.14,9,1.28,17,2.42,6,0.85,2,0.28,5,0.71,7,1,4,0.57,3,21
Jack White,17,0,66,3.88,8,0.47,19,1.11,0.421,3,0.17,9,0.52,0.333,5,0.29,10,0.58,0.5,0.5,2,0.11,3,0.17,0.667,6,0.35,11,0.64,17,1,4,0.23,3,0.17,2,0.11,2,0.11,9,0.52,1.23,21
Ron Harper Jr.,9,0,48,5.33,8,0.88,16,1.77,0.5,3,0.33,9,1,0.333,5,0.55,7,0.77,0.714,0.594,1,0.11,1,0.11,1,3,0.33,4,0.44,7,0.77,4,0.44,0,0,1,0.11,0,0,3,0.33,2.22,20
Justin Jackson,23,0,107,4.65,7,0.3,27,1.17,0.259,5,0.21,20,0.86,0.25,2,0.08,7,0.3,0.286,0.352,1,0.04,2,0.08,0.5,2,0.08,15,0.65,17,0.73,9,0.39,4,0.17,4,0.17,2,0.08,7,0.3,0.86,20
Carlik Jones,7,0,56,8,6,0.85,15,2.14,0.4,3,0.42,6,0.85,0.5,3,0.42,9,1.28,0.333,0.5,5,0.71,8,1.14,0.625,1,0.14,4,0.57,5,0.71,6,0.85,2,0.28,0,0,2,0.28,2,0.28,2.85,20
Louis King,1,0,29,29,8,8,13,13,0.615,4,4,8,8,0.5,4,4,5,5,0.8,0.769,0,0,1,1,0,2,2,2,2,4,4,2,2,1,1,0,0,2,2,4,4,20,20
Tony Bradley,12,0,33,2.75,6,0.5,12,1,0.5,3,0.25,5,0.41,0.6,3,0.25,7,0.58,0.429,0.625,4,0.33,4,0.33,1,1,0.08,10,0.83,11,0.91,1,0.08,1,0.08,1,0.08,1,0.08,2,0.16,1.58,19
JD Davison,12,0,66,5.5,8,0.66,19,1.58,0.421,2,0.16,7,0.58,0.286,6,0.5,12,1,0.5,0.474,1,0.08,2,0.16,0.5,2,0.16,7,0.58,9,0.75,11,0.91,2,0.16,2,0.16,4,0.33,5,0.41,1.58,19
Michael Carter-Williams,4,0,44,11,6,1.5,14,3.5,0.429,1,0.25,3,0.75,0.333,5,1.25,11,2.75,0.455,0.464,4,1,7,1.75,0.571,1,0.25,4,1,5,1.25,7,1.75,1,0.25,1,0.25,4,1,5,1.25,4.25,17
Andre Iguodala,8,0,113,14.12,7,0.87,15,1.87,0.467,1,0.12,9,1.12,0.111,6,0.75,6,0.75,1,0.5,2,0.25,3,0.37,0.667,3,0.37,14,1.75,17,2.12,19,2.37,4,0.5,3,0.37,9,1.12,11,1.37,2.12,17
Justin Minaya,4,0,89,22.25,7,1.75,23,5.75,0.304,3,0.75,12,3,0.25,4,1,11,2.75,0.364,0.37,0,0,1,0.25,0,3,0.75,12,3,15,3.75,4,1,2,0.5,5,1.25,4,1,9,2.25,4.25,17
Xavier Sneed,4,0,48,12,5,1.25,10,2.5,0.5,3,0.75,6,1.5,0.5,2,0.5,4,1,0.5,0.65,4,1,4,1,1,0,0,5,1.25,5,1.25,5,1.25,0,0,1,0.25,3,0.75,7,1.75,4.25,17
Buddy Boeheim,10,0,90,9,5,0.5,27,2.7,0.185,4,0.4,25,2.5,0.16,1,0.1,2,0.2,0.5,0.259,2,0.2,2,0.2,1,2,0.2,4,0.4,6,0.6,4,0.4,2,0.2,0,0,0,0,6,0.6,1.6,16
RaiQuan Gray,1,0,35,35,6,6,12,12,0.5,2,2,5,5,0.4,4,4,7,7,0.571,0.583,2,2,2,2,1,3,3,6,6,9,9,7,7,0,0,1,1,4,4,5,5,16,16